filename,extension,mime_type,related_to_sdaia_quebook,quebook_question_id,classification,title,document_number,keywords,bytes
0001_related_q006_National_Reputation_Risk_Watchlist.rtf,rtf,application/rtf,True,6,Top Secret,National Reputation Risk Watchlist,FCT-2026-79F020,media exposure; corruption; international criticism; censorship; scandal; bribery; money laundering; sanctions,2218
0002_unrelated_q102_IT_Helpdesk_Ticket_Summary.xlsx,xlsx,application/vnd.openxmlformats-officedocument.spreadsheetml.sheet,False,,Internal,IT Helpdesk Ticket Summary,FCT-2026-568503,password reset; laptop docking; printer jam; VPN latency,6858
0003_unrelated_q102_IT_Helpdesk_Ticket_Summary.xml,xml,text/xml,False,,Internal,IT Helpdesk Ticket Summary,FCT-2026-7A2179,VPN latency; password reset; laptop docking; printer jam,1703
0004_related_q006_National_Reputation_Risk_Watchlist.log,log,text/log,True,6,Top Secret,National Reputation Risk Watchlist,FCT-2026-6DD9F4,media exposure; censorship; bribery; sanctions; corruption; human rights violation; money laundering; international criticism,1959
0005_unrelated_q105_Marketing_Campaign_Retro.tsv,tsv,text/tab-separated-values,False,,Internal,Marketing Campaign Retro,FCT-2026-D590C1,click-through rate; brand awareness; newsletter open rate; social media post,540
0006_unrelated_q109_Weather_Outlook_for_Field_Picnic.svg,svg,image/svg+xml,False,,Public,Weather Outlook for Field Picnic,FCT-2026-7BE943,UV index; light breeze; picnic blankets; sunny intervals,713
0007_unrelated_q108_Procurement_Stationery_Order.docx,docx,application/vnd.openxmlformats-officedocument.wordprocessingml.document,False,,Internal,Procurement Stationery Order,FCT-2026-CE9C10,whiteboard markers; sticky notes; toner cartridge; notebooks,37733
0008_unrelated_q103_Employee_Wellness_Newsletter.md,md,text/markdown,False,,Public,Employee Wellness Newsletter,FCT-2026-CE9D58,yoga session; step challenge; ergonomic chair; hydration tips,2038
0009_unrelated_q109_Weather_Outlook_for_Field_Picnic.mht,mht,multipart/related,False,,Public,Weather Outlook for Field Picnic,FCT-2026-DCE196,sunny intervals; picnic blankets; light breeze; UV index,2089
0010_unrelated_q109_Weather_Outlook_for_Field_Picnic.csv,csv,text/csv,False,,Public,Weather Outlook for Field Picnic,FCT-2026-166C5A,picnic blankets; sunny intervals; UV index; light breeze,698
0011_related_q015_Vital_National_Installation_Status_Sheet.json,json,application/json,True,15,Secret,Vital National Installation Status Sheet,FCT-2026-F7C3A2,desalination plant; military base; government facility; power station; oil refinery; substation; airport; seaport,2530
0012_unrelated_q104_Facilities_Maintenance_Schedule.txt,txt,text/plain,False,,Internal,Facilities Maintenance Schedule,FCT-2026-6FD10A,HVAC filter; elevator inspection; parking lot paint; lighting upgrade,1967
0013_unrelated_q107_Sports_Club_Training_Roster.zip,zip,application/zip,False,,Public,Sports Club Training Roster,FCT-2026-062331,football drills; injury recovery; coach notes; attendance sheet,1150
0014_related_q007_Counter-Terrorism_Threat_Digest.eml,eml,message/rfc822,True,7,Top Secret,Counter-Terrorism Threat Digest,FCT-2026-41EB39,VBIED; hostage; extremist; attack plan; terrorist; terrorism; Al-Qaeda; violent extremism,2782
0015_unrelated_q108_Procurement_Stationery_Order.pdf,pdf,application/pdf,False,,Internal,Procurement Stationery Order,FCT-2026-A8E3B4,whiteboard markers; notebooks; sticky notes; toner cartridge,4088
0016_unrelated_q107_Sports_Club_Training_Roster.pptx,pptx,application/vnd.openxmlformats-officedocument.presentationml.presentation,False,,Public,Sports Club Training Roster,FCT-2026-433D5C,injury recovery; football drills; attendance sheet; coach notes,30228
0017_related_q005_Critical_Infrastructure_Resilience_Bulle.html,html,text/html,True,5,Top Secret,Critical Infrastructure Resilience Bulletin,FCT-2026-FC462D,critical infrastructure; oil production; power grid; water treatment; SCADA; gas plant; airport shutdown; blackout,3095
0018_related_q014_Strategic_Warehouse_and_Logistics_Reserv.rtf,rtf,application/rtf,True,14,Secret,Strategic Warehouse and Logistics Reserve Register,FCT-2026-296683,fuel depot; logistics center; supply depot; storage facility; warehouse; emergency stockpile; strategic reserve; inventory reserve,2279
0019_unrelated_q104_Facilities_Maintenance_Schedule.xlsx,xlsx,application/vnd.openxmlformats-officedocument.spreadsheetml.sheet,False,,Internal,Facilities Maintenance Schedule,FCT-2026-6B67E2,lighting upgrade; parking lot paint; HVAC filter; elevator inspection,6846
0020_related_q010_Strategic_Resource_Outlook.xml,xml,text/xml,True,10,Secret,Strategic Resource Outlook,FCT-2026-3283EF,oil reserve; mining; Brent; resource depletion; OPEC; petroleum exports; crude oil; production quota,2042
0021_unrelated_q103_Employee_Wellness_Newsletter.log,log,text/log,False,,Public,Employee Wellness Newsletter,FCT-2026-BB8667,hydration tips; yoga session; ergonomic chair; step challenge,1424
0022_related_q013_Government_Operations_Disruption_Report.tsv,tsv,text/tab-separated-values,True,13,Secret,Government Operations Disruption Report,FCT-2026-A852BA,emergency operations; cyber attack; system failure; business continuity; operational disruption; government shutdown; service outage; disaster recovery,653
0023_related_q013_Government_Operations_Disruption_Report.svg,svg,image/svg+xml,True,13,Secret,Government Operations Disruption Report,FCT-2026-CD1B14,business continuity; government shutdown; emergency operations; cyber attack; system failure; service outage; disaster recovery; operational disruption,805
0024_related_q013_Government_Operations_Disruption_Report.docx,docx,application/vnd.openxmlformats-officedocument.wordprocessingml.document,True,13,Secret,Government Operations Disruption Report,FCT-2026-B95DD9,operational disruption; emergency operations; cyber attack; system failure; business continuity; disaster recovery; service outage; government shutdown,37952
0025_unrelated_q106_Library_Acquisition_List.md,md,text/markdown,False,,Public,Library Acquisition List,FCT-2026-B472A6,reading club; fiction collection; interlibrary loan; cataloguing,2019
0026_unrelated_q106_Library_Acquisition_List.mht,mht,multipart/related,False,,Public,Library Acquisition List,FCT-2026-7FFD0D,fiction collection; cataloguing; reading club; interlibrary loan,2075
0027_related_q012_Export_Continuity_Advisory.csv,csv,text/csv,True,12,Secret,Export Continuity Advisory,FCT-2026-4E4C54,export decline; export restriction; customs restriction; trade barrier; port closure; sanctions; trade embargo; shipping disruption,973
0028_unrelated_q102_IT_Helpdesk_Ticket_Summary.json,json,application/json,False,,Internal,IT Helpdesk Ticket Summary,FCT-2026-781E95,password reset; printer jam; laptop docking; VPN latency,1987
0029_related_q011_International_Commercial_Partnership_Sum.txt,txt,text/plain,True,11,Secret,International Commercial Partnership Summary,FCT-2026-C1901F,strategic supplier; commercial agreement; sovereign investment; investment agreement; technology transfer; strategic partnership; foreign investment; joint venture,2708
0030_unrelated_q108_Procurement_Stationery_Order.zip,zip,application/zip,False,,Internal,Procurement Stationery Order,FCT-2026-75B77B,sticky notes; toner cartridge; whiteboard markers; notebooks,1140
0031_unrelated_q108_Procurement_Stationery_Order.eml,eml,message/rfc822,False,,Internal,Procurement Stationery Order,FCT-2026-F726CF,sticky notes; whiteboard markers; notebooks; toner cartridge,2228
0032_unrelated_q109_Weather_Outlook_for_Field_Picnic.pdf,pdf,application/pdf,False,,Public,Weather Outlook for Field Picnic,FCT-2026-6B2796,UV index; sunny intervals; picnic blankets; light breeze,4088
0033_related_q009_Labor_Market_Stability_Brief.pptx,pptx,application/vnd.openxmlformats-officedocument.presentationml.presentation,True,9,Secret,Labor Market Stability Brief,FCT-2026-7798E2,workforce reduction; unemployment; recruitment freeze; employment crisis; Nitaqat; wage reduction; Saudization; mass layoff,30363
0034_unrelated_q101_Office_Cafeteria_Weekly_Menu.html,html,text/html,False,,Public,Office Cafeteria Weekly Menu,FCT-2026-85F94E,lunch special; vegetarian option; dessert bar; coffee station,2404
0035_unrelated_q107_Sports_Club_Training_Roster.rtf,rtf,application/rtf,False,,Public,Sports Club Training Roster,FCT-2026-CFA61D,football drills; coach notes; injury recovery; attendance sheet,1611
0036_related_q014_Strategic_Warehouse_and_Logistics_Reserv.xlsx,xlsx,application/vnd.openxmlformats-officedocument.spreadsheetml.sheet,True,14,Secret,Strategic Warehouse and Logistics Reserve Register,FCT-2026-5740C3,inventory reserve; warehouse; storage facility; fuel depot; logistics center; strategic reserve; supply depot; emergency stockpile,7189
0037_related_q010_Strategic_Resource_Outlook.xml,xml,text/xml,True,10,Secret,Strategic Resource Outlook,FCT-2026-B1C0C1,resource depletion; petroleum exports; commodity price; production quota; oil reserve; crude oil; natural gas; Brent,2112
0038_related_q007_Counter-Terrorism_Threat_Digest.log,log,text/log,True,7,Top Secret,Counter-Terrorism Threat Digest,FCT-2026-F6E668,suicide attack; attack plan; bomb; IED; Al-Qaeda; violent extremism; ISIS; terrorism,1900
0039_related_q015_Vital_National_Installation_Status_Sheet.tsv,tsv,text/tab-separated-values,True,15,Secret,Vital National Installation Status Sheet,FCT-2026-C044F3,substation; desalination plant; military base; airport; command center; oil refinery; government facility; telecom exchange,634
0040_related_q006_National_Reputation_Risk_Watchlist.svg,svg,image/svg+xml,True,6,Top Secret,National Reputation Risk Watchlist,FCT-2026-6A7A73,human rights violation; diplomatic crisis; corruption; international criticism; media exposure; scandal; money laundering; bribery,799
0041_unrelated_q102_IT_Helpdesk_Ticket_Summary.docx,docx,application/vnd.openxmlformats-officedocument.wordprocessingml.document,False,,Internal,IT Helpdesk Ticket Summary,FCT-2026-9CDEE7,laptop docking; printer jam; VPN latency; password reset,37748
0042_unrelated_q103_Employee_Wellness_Newsletter.md,md,text/markdown,False,,Public,Employee Wellness Newsletter,FCT-2026-FC7FD9,yoga session; hydration tips; step challenge; ergonomic chair,2028
0043_related_q010_Strategic_Resource_Outlook.mht,mht,multipart/related,True,10,Secret,Strategic Resource Outlook,FCT-2026-600013,petroleum exports; crude oil; resource depletion; mining; OPEC; production quota; oil reserve; commodity price,2684
0044_related_q006_National_Reputation_Risk_Watchlist.csv,csv,text/csv,True,6,Top Secret,National Reputation Risk Watchlist,FCT-2026-9B401C,corruption; human rights violation; media exposure; money laundering; bribery; diplomatic crisis; international criticism; censorship,971
0045_unrelated_q105_Marketing_Campaign_Retro.json,json,application/json,False,,Internal,Marketing Campaign Retro,FCT-2026-4096A6,brand awareness; social media post; newsletter open rate; click-through rate,2023
0046_unrelated_q110_Volunteer_Greening_Day_Plan.txt,txt,text/plain,False,,Public,Volunteer Greening Day Plan,FCT-2026-4CE132,community garden; irrigation hose; recycling bins; tree planting,1932
0047_unrelated_q106_Library_Acquisition_List.zip,zip,application/zip,False,,Public,Library Acquisition List,FCT-2026-786A96,reading club; cataloguing; interlibrary loan; fiction collection,1135
0048_related_q004_Cryptographic_Key_Custody_Log.eml,eml,message/rfc822,True,4,Top Secret,Cryptographic Key Custody Log,FCT-2026-EB6670,VPN key; cryptographic key; certificate authority; TLS certificate; HSM; RSA; AES; PKI,2832
0049_related_q013_Government_Operations_Disruption_Report.pdf,pdf,application/pdf,True,13,Secret,Government Operations Disruption Report,FCT-2026-4B9632,cyber attack; business continuity; disaster recovery; emergency operations; system failure; operational disruption; service outage; government shutdown,4379
0050_related_q014_Strategic_Warehouse_and_Logistics_Reserv.pptx,pptx,application/vnd.openxmlformats-officedocument.presentationml.presentation,True,14,Secret,Strategic Warehouse and Logistics Reserve Register,FCT-2026-7CDC7D,logistics center; supply depot; fuel depot; strategic reserve; emergency stockpile; inventory reserve; storage facility; warehouse,30371
0051_related_q011_International_Commercial_Partnership_Sum.html,html,text/html,True,11,Secret,International Commercial Partnership Summary,FCT-2026-F9D285,joint venture; foreign investment; technology transfer; strategic supplier; strategic partnership; sovereign investment; commercial agreement; investment agreement,3211
0052_unrelated_q103_Employee_Wellness_Newsletter.rtf,rtf,application/rtf,False,,Public,Employee Wellness Newsletter,FCT-2026-33C2B5,yoga session; ergonomic chair; step challenge; hydration tips,1622
0053_unrelated_q110_Volunteer_Greening_Day_Plan.xlsx,xlsx,application/vnd.openxmlformats-officedocument.spreadsheetml.sheet,False,,Public,Volunteer Greening Day Plan,FCT-2026-111111,recycling bins; irrigation hose; community garden; tree planting,6850
0054_related_q013_Government_Operations_Disruption_Report.xml,xml,text/xml,True,13,Secret,Government Operations Disruption Report,FCT-2026-4D8DFC,business continuity; service outage; system failure; government shutdown; disaster recovery; emergency operations; operational disruption; cyber attack,2193
0055_related_q007_Counter-Terrorism_Threat_Digest.log,log,text/log,True,7,Top Secret,Counter-Terrorism Threat Digest,FCT-2026-CD1258,terrorism; extremist; Daesh; hostage; ISIS; VBIED; radicalization; IED,1894
0056_unrelated_q110_Volunteer_Greening_Day_Plan.tsv,tsv,text/tab-separated-values,False,,Public,Volunteer Greening Day Plan,FCT-2026-F4CFC0,recycling bins; irrigation hose; tree planting; community garden,527
0057_related_q015_Vital_National_Installation_Status_Sheet.svg,svg,image/svg+xml,True,15,Secret,Vital National Installation Status Sheet,FCT-2026-A2C437,power station; telecom exchange; command center; government facility; substation; oil refinery; seaport; military base,792
0058_related_q015_Vital_National_Installation_Status_Sheet.docx,docx,application/vnd.openxmlformats-officedocument.wordprocessingml.document,True,15,Secret,Vital National Installation Status Sheet,FCT-2026-5B5C41,government facility; oil refinery; substation; desalination plant; seaport; military base; telecom exchange; power station,37917
0059_related_q012_Export_Continuity_Advisory.md,md,text/markdown,True,12,Secret,Export Continuity Advisory,FCT-2026-C1F6A2,sanctions; export decline; port closure; export restriction; customs restriction; shipping disruption; trade embargo; trade barrier,2639
0060_related_q008_Diplomatic_Negotiation_Status_Memo.mht,mht,multipart/related,True,8,Secret,Diplomatic Negotiation Status Memo,FCT-2026-DCF748,strategic partnership; consulate; diplomatic note; MOU; foreign ministry; embassy; bilateral agreement; classified negotiation,2781
0061_related_q008_Diplomatic_Negotiation_Status_Memo.csv,csv,text/csv,True,8,Secret,Diplomatic Negotiation Status Memo,FCT-2026-FCF86D,classified negotiation; strategic partnership; diplomatic cable; treaty; embassy; MOU; foreign ministry; consulate,977
0062_related_q003_Emergency_Continuity_and_Engagement_Proc.json,json,application/json,True,3,Top Secret,Emergency Continuity and Engagement Procedures,FCT-2026-EB9F1E,rules of engagement; defense strategy; mobilization plan; war plan; battle plan; military doctrine; continuity of government; evacuation plan,2592
0063_unrelated_q106_Library_Acquisition_List.txt,txt,text/plain,False,,Public,Library Acquisition List,FCT-2026-4ADD86,cataloguing; reading club; fiction collection; interlibrary loan,1915
0064_unrelated_q110_Volunteer_Greening_Day_Plan.zip,zip,application/zip,False,,Public,Volunteer Greening Day Plan,FCT-2026-DFD666,community garden; tree planting; irrigation hose; recycling bins,1143
0065_unrelated_q106_Library_Acquisition_List.eml,eml,message/rfc822,False,,Public,Library Acquisition List,FCT-2026-DC332E,fiction collection; interlibrary loan; reading club; cataloguing,2241
0066_related_q002_Force_and_VIP_Movement_Coordination_Note.pdf,pdf,application/pdf,True,2,Top Secret,Force and VIP Movement Coordination Note,FCT-2026-B3F1F1,convoy; military exercise; deployment; troop movement; National Guard; mobilization; VIP movement; Royal Guard,4358
0067_unrelated_q102_IT_Helpdesk_Ticket_Summary.pptx,pptx,application/vnd.openxmlformats-officedocument.presentationml.presentation,False,,Internal,IT Helpdesk Ticket Summary,FCT-2026-DA68BF,laptop docking; VPN latency; password reset; printer jam,30221
0068_unrelated_q106_Library_Acquisition_List.html,html,text/html,False,,Public,Library Acquisition List,FCT-2026-030BE8,fiction collection; interlibrary loan; reading club; cataloguing,2400
0069_unrelated_q104_Facilities_Maintenance_Schedule.rtf,rtf,application/rtf,False,,Internal,Facilities Maintenance Schedule,FCT-2026-A0E362,elevator inspection; parking lot paint; HVAC filter; lighting upgrade,1657
0070_unrelated_q103_Employee_Wellness_Newsletter.xlsx,xlsx,application/vnd.openxmlformats-officedocument.spreadsheetml.sheet,False,,Public,Employee Wellness Newsletter,FCT-2026-C36B4E,ergonomic chair; yoga session; hydration tips; step challenge,6847
0071_unrelated_q109_Weather_Outlook_for_Field_Picnic.xml,xml,text/xml,False,,Public,Weather Outlook for Field Picnic,FCT-2026-BAA853,UV index; picnic blankets; light breeze; sunny intervals,1708
0072_unrelated_q104_Facilities_Maintenance_Schedule.log,log,text/log,False,,Internal,Facilities Maintenance Schedule,FCT-2026-43042E,lighting upgrade; elevator inspection; HVAC filter; parking lot paint,1433
0073_related_q009_Labor_Market_Stability_Brief.tsv,tsv,text/tab-separated-values,True,9,Secret,Labor Market Stability Brief,FCT-2026-CF06B0,unemployment; employment crisis; Saudization; recruitment freeze; workforce reduction; Nitaqat; wage reduction; labor shortage,618
0074_related_q006_National_Reputation_Risk_Watchlist.svg,svg,image/svg+xml,True,6,Top Secret,National Reputation Risk Watchlist,FCT-2026-2ED3C1,corruption; diplomatic crisis; human rights violation; censorship; money laundering; scandal; sanctions; bribery,788
0075_related_q013_Government_Operations_Disruption_Report.docx,docx,application/vnd.openxmlformats-officedocument.wordprocessingml.document,True,13,Secret,Government Operations Disruption Report,FCT-2026-2456B3,system failure; operational disruption; cyber attack; emergency operations; service outage; disaster recovery; government shutdown; business continuity,37929
0076_related_q006_National_Reputation_Risk_Watchlist.md,md,text/markdown,True,6,Top Secret,National Reputation Risk Watchlist,FCT-2026-B71925,money laundering; media exposure; international criticism; sanctions; scandal; human rights violation; censorship; bribery,2675
0077_related_q011_International_Commercial_Partnership_Sum.mht,mht,multipart/related,True,11,Secret,International Commercial Partnership Summary,FCT-2026-A1A54E,strategic partnership; sovereign investment; technology transfer; foreign investment; investment agreement; joint venture; strategic supplier; commercial agreement,2965
0078_related_q015_Vital_National_Installation_Status_Sheet.csv,csv,text/csv,True,15,Secret,Vital National Installation Status Sheet,FCT-2026-25D336,airport; command center; seaport; substation; power station; desalination plant; oil refinery; military base,934
0079_unrelated_q104_Facilities_Maintenance_Schedule.json,json,application/json,False,,Internal,Facilities Maintenance Schedule,FCT-2026-FF5046,elevator inspection; parking lot paint; lighting upgrade; HVAC filter,2027
0080_unrelated_q110_Volunteer_Greening_Day_Plan.txt,txt,text/plain,False,,Public,Volunteer Greening Day Plan,FCT-2026-EDAF78,community garden; irrigation hose; recycling bins; tree planting,1949
0081_related_q001_Restricted_Defense_Asset_Inventory_Brief.zip,zip,application/zip,True,1,Top Secret,Restricted Defense Asset Inventory Brief,FCT-2026-CB1229,ballistic missile; Ministry of Defense; armory; UAV; artillery; fighter aircraft; drone; missile,1363
0082_unrelated_q108_Procurement_Stationery_Order.eml,eml,message/rfc822,False,,Internal,Procurement Stationery Order,FCT-2026-9F527D,sticky notes; whiteboard markers; notebooks; toner cartridge,2254
0083_related_q001_Restricted_Defense_Asset_Inventory_Brief.pdf,pdf,application/pdf,True,1,Top Secret,Restricted Defense Asset Inventory Brief,FCT-2026-86F8E6,UAV; Ministry of Defense; arsenal; armory; air defense; ballistic missile; weapons cache; missile,4336
0084_unrelated_q106_Library_Acquisition_List.pptx,pptx,application/vnd.openxmlformats-officedocument.presentationml.presentation,False,,Public,Library Acquisition List,FCT-2026-57E529,reading club; fiction collection; interlibrary loan; cataloguing,30221
0085_related_q003_Emergency_Continuity_and_Engagement_Proc.html,html,text/html,True,3,Top Secret,Emergency Continuity and Engagement Procedures,FCT-2026-3E58E1,defense strategy; mobilization plan; battle plan; military doctrine; continuity of government; emergency response; contingency plan; rules of engagement,3169
0086_related_q011_International_Commercial_Partnership_Sum.rtf,rtf,application/rtf,True,11,Secret,International Commercial Partnership Summary,FCT-2026-E4D86B,strategic partnership; joint venture; strategic supplier; sovereign investment; investment agreement; foreign investment; commercial agreement; technology transfer,2374
0087_related_q014_Strategic_Warehouse_and_Logistics_Reserv.xlsx,xlsx,application/vnd.openxmlformats-officedocument.spreadsheetml.sheet,True,14,Secret,Strategic Warehouse and Logistics Reserve Register,FCT-2026-29270F,logistics center; inventory reserve; fuel depot; emergency stockpile; warehouse; storage facility; strategic reserve; supply depot,7192
0088_unrelated_q106_Library_Acquisition_List.xml,xml,text/xml,False,,Public,Library Acquisition List,FCT-2026-97C1A6,reading club; interlibrary loan; cataloguing; fiction collection,1715
0089_related_q004_Cryptographic_Key_Custody_Log.log,log,text/log,True,4,Top Secret,Cryptographic Key Custody Log,FCT-2026-1E22EC,PKI; secret key; cryptographic key; AES; private key; HSM; certificate authority; RSA,1911
0090_unrelated_q110_Volunteer_Greening_Day_Plan.tsv,tsv,text/tab-separated-values,False,,Public,Volunteer Greening Day Plan,FCT-2026-F1CDB5,community garden; recycling bins; irrigation hose; tree planting,526
0091_related_q004_Cryptographic_Key_Custody_Log.svg,svg,image/svg+xml,True,4,Top Secret,Cryptographic Key Custody Log,FCT-2026-C26B0A,cryptographic key; TLS certificate; VPN key; AES; key management; ECC; PKI; private key,760
0092_related_q003_Emergency_Continuity_and_Engagement_Proc.docx,docx,application/vnd.openxmlformats-officedocument.wordprocessingml.document,True,3,Top Secret,Emergency Continuity and Engagement Procedures,FCT-2026-9DBEB7,military doctrine; mobilization plan; defense strategy; emergency response; contingency plan; battle plan; evacuation plan; command structure,37960
0093_related_q010_Strategic_Resource_Outlook.md,md,text/markdown,True,10,Secret,Strategic Resource Outlook,FCT-2026-EADE25,petroleum exports; resource depletion; OPEC; mining; commodity price; Brent; oil reserve; crude oil,2584
0094_unrelated_q104_Facilities_Maintenance_Schedule.mht,mht,multipart/related,False,,Internal,Facilities Maintenance Schedule,FCT-2026-CA7CFD,lighting upgrade; elevator inspection; HVAC filter; parking lot paint,2110
0095_related_q009_Labor_Market_Stability_Brief.csv,csv,text/csv,True,9,Secret,Labor Market Stability Brief,FCT-2026-06108D,recruitment freeze; wage reduction; workforce reduction; Saudization; Nitaqat; employment crisis; mass layoff; unemployment,950
0096_related_q014_Strategic_Warehouse_and_Logistics_Reserv.json,json,application/json,True,14,Secret,Strategic Warehouse and Logistics Reserve Register,FCT-2026-DA62A0,supply depot; inventory reserve; logistics center; strategic reserve; warehouse; fuel depot; emergency stockpile; storage facility,2563
0097_unrelated_q106_Library_Acquisition_List.txt,txt,text/plain,False,,Public,Library Acquisition List,FCT-2026-B64FD1,interlibrary loan; cataloguing; fiction collection; reading club,1936
0098_related_q007_Counter-Terrorism_Threat_Digest.zip,zip,application/zip,True,7,Top Secret,Counter-Terrorism Threat Digest,FCT-2026-FE1E02,ISIS; radicalization; terrorism; terrorist; VBIED; violent extremism; Daesh; suicide attack,1356
0099_related_q015_Vital_National_Installation_Status_Sheet.eml,eml,message/rfc822,True,15,Secret,Vital National Installation Status Sheet,FCT-2026-BABF9C,oil refinery; government facility; substation; seaport; command center; desalination plant; power station; military base,2905
0100_related_q004_Cryptographic_Key_Custody_Log.pdf,pdf,application/pdf,True,4,Top Secret,Cryptographic Key Custody Log,FCT-2026-054F6A,TLS certificate; VPN key; private key; secret key; RSA; ECC; cryptographic key; PKI,4331
0101_unrelated_q105_Marketing_Campaign_Retro.pptx,pptx,application/vnd.openxmlformats-officedocument.presentationml.presentation,False,,Internal,Marketing Campaign Retro,FCT-2026-51ADC6,brand awareness; click-through rate; social media post; newsletter open rate,30236
0102_related_q008_Diplomatic_Negotiation_Status_Memo.html,html,text/html,True,8,Secret,Diplomatic Negotiation Status Memo,FCT-2026-9BBDBF,treaty; consulate; diplomatic note; MOU; classified negotiation; diplomatic cable; strategic partnership; embassy,3016
0103_unrelated_q109_Weather_Outlook_for_Field_Picnic.rtf,rtf,application/rtf,False,,Public,Weather Outlook for Field Picnic,FCT-2026-56A9A1,sunny intervals; UV index; light breeze; picnic blankets,1625
0104_related_q014_Strategic_Warehouse_and_Logistics_Reserv.xlsx,xlsx,application/vnd.openxmlformats-officedocument.spreadsheetml.sheet,True,14,Secret,Strategic Warehouse and Logistics Reserve Register,FCT-2026-AADF71,warehouse; storage facility; logistics center; supply depot; fuel depot; emergency stockpile; strategic reserve; inventory reserve,7199
0105_related_q011_International_Commercial_Partnership_Sum.xml,xml,text/xml,True,11,Secret,International Commercial Partnership Summary,FCT-2026-6A8EEB,strategic partnership; sovereign investment; investment agreement; technology transfer; foreign investment; strategic supplier; joint venture; commercial agreement,2239
0106_related_q014_Strategic_Warehouse_and_Logistics_Reserv.log,log,text/log,True,14,Secret,Strategic Warehouse and Logistics Reserve Register,FCT-2026-A2CC70,emergency stockpile; inventory reserve; warehouse; storage facility; supply depot; fuel depot; strategic reserve; logistics center,1965
0107_related_q001_Restricted_Defense_Asset_Inventory_Brief.tsv,tsv,text/tab-separated-values,True,1,Top Secret,Restricted Defense Asset Inventory Brief,FCT-2026-A01520,Ministry of Defense; ballistic missile; armory; drone; Royal Saudi Air Force; military base; fighter aircraft; arsenal,632
0108_related_q012_Export_Continuity_Advisory.svg,svg,image/svg+xml,True,12,Secret,Export Continuity Advisory,FCT-2026-8C5A1A,trade barrier; trade embargo; shipping disruption; export decline; export restriction; sanctions; customs restriction; port closure,780
0109_related_q007_Counter-Terrorism_Threat_Digest.docx,docx,application/vnd.openxmlformats-officedocument.wordprocessingml.document,True,7,Top Secret,Counter-Terrorism Threat Digest,FCT-2026-688429,attack plan; extremist; violent extremism; ISIS; suicide attack; bomb; VBIED; IED,37935
0110_related_q004_Cryptographic_Key_Custody_Log.md,md,text/markdown,True,4,Top Secret,Cryptographic Key Custody Log,FCT-2026-4D28A9,secret key; key management; PKI; certificate authority; HSM; AES; root certificate; private key,2596
0111_related_q011_International_Commercial_Partnership_Sum.mht,mht,multipart/related,True,11,Secret,International Commercial Partnership Summary,FCT-2026-1CC993,sovereign investment; technology transfer; strategic supplier; investment agreement; strategic partnership; commercial agreement; joint venture; foreign investment,2964
0112_unrelated_q105_Marketing_Campaign_Retro.csv,csv,text/csv,False,,Internal,Marketing Campaign Retro,FCT-2026-4ADA26,brand awareness; click-through rate; social media post; newsletter open rate,723
0113_unrelated_q102_IT_Helpdesk_Ticket_Summary.json,json,application/json,False,,Internal,IT Helpdesk Ticket Summary,FCT-2026-756F34,password reset; laptop docking; VPN latency; printer jam,1981
0114_unrelated_q109_Weather_Outlook_for_Field_Picnic.txt,txt,text/plain,False,,Public,Weather Outlook for Field Picnic,FCT-2026-D8F7C0,UV index; picnic blankets; light breeze; sunny intervals,1936
0115_related_q009_Labor_Market_Stability_Brief.zip,zip,application/zip,True,9,Secret,Labor Market Stability Brief,FCT-2026-9B23A6,workforce reduction; mass layoff; employment crisis; Nitaqat; recruitment freeze; wage reduction; unemployment; Saudization,1377
0116_related_q001_Restricted_Defense_Asset_Inventory_Brief.eml,eml,message/rfc822,True,1,Top Secret,Restricted Defense Asset Inventory Brief,FCT-2026-4B5163,ammunition depot; artillery; armory; drone; military base; Royal Saudi Air Force; tank; fighter aircraft,2827
0117_unrelated_q105_Marketing_Campaign_Retro.pdf,pdf,application/pdf,False,,Internal,Marketing Campaign Retro,FCT-2026-170B18,newsletter open rate; social media post; click-through rate; brand awareness,4097
0118_unrelated_q101_Office_Cafeteria_Weekly_Menu.pptx,pptx,application/vnd.openxmlformats-officedocument.presentationml.presentation,False,,Public,Office Cafeteria Weekly Menu,FCT-2026-1DC65A,coffee station; lunch special; dessert bar; vegetarian option,30221
0119_unrelated_q106_Library_Acquisition_List.html,html,text/html,False,,Public,Library Acquisition List,FCT-2026-DABC91,fiction collection; reading club; interlibrary loan; cataloguing,2358
0120_unrelated_q106_Library_Acquisition_List.rtf,rtf,application/rtf,False,,Public,Library Acquisition List,FCT-2026-8AC133,reading club; interlibrary loan; fiction collection; cataloguing,1632
0121_related_q009_Labor_Market_Stability_Brief.xlsx,xlsx,application/vnd.openxmlformats-officedocument.spreadsheetml.sheet,True,9,Secret,Labor Market Stability Brief,FCT-2026-455A79,mass layoff; Saudization; labor shortage; wage reduction; workforce reduction; employment crisis; Nitaqat; recruitment freeze,7182
0122_unrelated_q104_Facilities_Maintenance_Schedule.xml,xml,text/xml,False,,Internal,Facilities Maintenance Schedule,FCT-2026-E73924,parking lot paint; lighting upgrade; HVAC filter; elevator inspection,1742
0123_unrelated_q104_Facilities_Maintenance_Schedule.log,log,text/log,False,,Internal,Facilities Maintenance Schedule,FCT-2026-BC8DDF,parking lot paint; HVAC filter; lighting upgrade; elevator inspection,1448
0124_related_q003_Emergency_Continuity_and_Engagement_Proc.tsv,tsv,text/tab-separated-values,True,3,Top Secret,Emergency Continuity and Engagement Procedures,FCT-2026-6AA52A,rules of engagement; emergency response; military doctrine; continuity of government; command structure; war plan; evacuation plan; battle plan,670
0125_related_q002_Force_and_VIP_Movement_Coordination_Note.svg,svg,image/svg+xml,True,2,Top Secret,Force and VIP Movement Coordination Note,FCT-2026-5E0473,checkpoint; convoy; National Guard; mobilization; patrol route; military exercise; escort; VIP movement,783
0126_unrelated_q107_Sports_Club_Training_Roster.docx,docx,application/vnd.openxmlformats-officedocument.wordprocessingml.document,False,,Public,Sports Club Training Roster,FCT-2026-F97FBE,injury recovery; attendance sheet; coach notes; football drills,37714
0127_related_q002_Force_and_VIP_Movement_Coordination_Note.md,md,text/markdown,True,2,Top Secret,Force and VIP Movement Coordination Note,FCT-2026-1813B7,checkpoint; National Guard; troop movement; escort; operational route; Royal Guard; motorcade; mobilization,2650
0128_related_q013_Government_Operations_Disruption_Report.mht,mht,multipart/related,True,13,Secret,Government Operations Disruption Report,FCT-2026-E082CA,system failure; business continuity; emergency operations; cyber attack; operational disruption; disaster recovery; service outage; government shutdown,2900
0129_unrelated_q104_Facilities_Maintenance_Schedule.csv,csv,text/csv,False,,Internal,Facilities Maintenance Schedule,FCT-2026-BEA1FA,HVAC filter; parking lot paint; lighting upgrade; elevator inspection,733
0130_related_q015_Vital_National_Installation_Status_Sheet.json,json,application/json,True,15,Secret,Vital National Installation Status Sheet,FCT-2026-277F0C,military base; telecom exchange; desalination plant; seaport; power station; government facility; airport; command center,2523
0131_unrelated_q108_Procurement_Stationery_Order.txt,txt,text/plain,False,,Internal,Procurement Stationery Order,FCT-2026-DAB479,toner cartridge; whiteboard markers; sticky notes; notebooks,1938
0132_related_q005_Critical_Infrastructure_Resilience_Bulle.zip,zip,application/zip,True,5,Top Secret,Critical Infrastructure Resilience Bulletin,FCT-2026-2E62B7,blackout; power grid; telecommunications outage; gas plant; oil production; water treatment; ICS; airport shutdown,1392
0133_related_q007_Counter-Terrorism_Threat_Digest.eml,eml,message/rfc822,True,7,Top Secret,Counter-Terrorism Threat Digest,FCT-2026-7E878C,Al-Qaeda; Daesh; violent extremism; hostage; extremist; radicalization; terrorist; VBIED,2819
0134_related_q012_Export_Continuity_Advisory.pdf,pdf,application/pdf,True,12,Secret,Export Continuity Advisory,FCT-2026-A73B6C,shipping disruption; trade barrier; trade embargo; customs restriction; export decline; export restriction; sanctions; port closure,4363
0135_unrelated_q105_Marketing_Campaign_Retro.pptx,pptx,application/vnd.openxmlformats-officedocument.presentationml.presentation,False,,Internal,Marketing Campaign Retro,FCT-2026-2F46FD,click-through rate; newsletter open rate; social media post; brand awareness,30234
0136_related_q010_Strategic_Resource_Outlook.html,html,text/html,True,10,Secret,Strategic Resource Outlook,FCT-2026-5C37D1,resource depletion; production quota; oil reserve; crude oil; commodity price; petroleum exports; natural gas; OPEC,3035
0137_related_q004_Cryptographic_Key_Custody_Log.rtf,rtf,application/rtf,True,4,Top Secret,Cryptographic Key Custody Log,FCT-2026-FF4A2C,ECC; HSM; key management; RSA; root certificate; TLS certificate; private key; certificate authority,2161
0138_unrelated_q104_Facilities_Maintenance_Schedule.xlsx,xlsx,application/vnd.openxmlformats-officedocument.spreadsheetml.sheet,False,,Internal,Facilities Maintenance Schedule,FCT-2026-D5CB6C,parking lot paint; elevator inspection; HVAC filter; lighting upgrade,6845
0139_related_q003_Emergency_Continuity_and_Engagement_Proc.xml,xml,text/xml,True,3,Top Secret,Emergency Continuity and Engagement Procedures,FCT-2026-F83AA1,mobilization plan; evacuation plan; emergency response; military doctrine; war plan; rules of engagement; command structure; defense strategy,2166
0140_related_q012_Export_Continuity_Advisory.log,log,text/log,True,12,Secret,Export Continuity Advisory,FCT-2026-07940C,shipping disruption; customs restriction; trade barrier; port closure; trade embargo; sanctions; export decline; export restriction,1941
0141_related_q002_Force_and_VIP_Movement_Coordination_Note.tsv,tsv,text/tab-separated-values,True,2,Top Secret,Force and VIP Movement Coordination Note,FCT-2026-D471E7,checkpoint; convoy; patrol route; troop movement; mobilization; escort; deployment; motorcade,599
0142_related_q013_Government_Operations_Disruption_Report.svg,svg,image/svg+xml,True,13,Secret,Government Operations Disruption Report,FCT-2026-00A400,operational disruption; business continuity; emergency operations; cyber attack; government shutdown; system failure; disaster recovery; service outage,813
0143_related_q005_Critical_Infrastructure_Resilience_Bulle.docx,docx,application/vnd.openxmlformats-officedocument.wordprocessingml.document,True,5,Top Secret,Critical Infrastructure Resilience Bulletin,FCT-2026-DA83F9,blackout; refinery; oil production; power grid; pipeline; critical infrastructure; seaport; telecommunications outage,37919
0144_related_q004_Cryptographic_Key_Custody_Log.md,md,text/markdown,True,4,Top Secret,Cryptographic Key Custody Log,FCT-2026-261F11,private key; AES; key management; ECC; HSM; RSA; TLS certificate; secret key,2540
0145_related_q003_Emergency_Continuity_and_Engagement_Proc.mht,mht,multipart/related,True,3,Top Secret,Emergency Continuity and Engagement Procedures,FCT-2026-655234,rules of engagement; mobilization plan; military doctrine; battle plan; command structure; war plan; emergency response; evacuation plan,2867
0146_unrelated_q102_IT_Helpdesk_Ticket_Summary.csv,csv,text/csv,False,,Internal,IT Helpdesk Ticket Summary,FCT-2026-5477A3,password reset; laptop docking; VPN latency; printer jam,714
0147_related_q010_Strategic_Resource_Outlook.json,json,application/json,True,10,Secret,Strategic Resource Outlook,FCT-2026-BF5B62,commodity price; resource depletion; production quota; natural gas; Brent; mining; petroleum exports; oil reserve,2494
0148_related_q010_Strategic_Resource_Outlook.txt,txt,text/plain,True,10,Secret,Strategic Resource Outlook,FCT-2026-72A8EE,mining; OPEC; Brent; resource depletion; petroleum exports; crude oil; production quota; natural gas,2471
0149_related_q015_Vital_National_Installation_Status_Sheet.zip,zip,application/zip,True,15,Secret,Vital National Installation Status Sheet,FCT-2026-AA3774,government facility; desalination plant; power station; airport; telecom exchange; command center; oil refinery; military base,1387
0150_unrelated_q105_Marketing_Campaign_Retro.eml,eml,message/rfc822,False,,Internal,Marketing Campaign Retro,FCT-2026-D5FA52,brand awareness; newsletter open rate; click-through rate; social media post,2226
0151_unrelated_q102_IT_Helpdesk_Ticket_Summary.pdf,pdf,application/pdf,False,,Internal,IT Helpdesk Ticket Summary,FCT-2026-6B2FF6,VPN latency; printer jam; password reset; laptop docking,4096
0152_unrelated_q102_IT_Helpdesk_Ticket_Summary.pptx,pptx,application/vnd.openxmlformats-officedocument.presentationml.presentation,False,,Internal,IT Helpdesk Ticket Summary,FCT-2026-9AD3C3,printer jam; VPN latency; password reset; laptop docking,30220
0153_unrelated_q107_Sports_Club_Training_Roster.html,html,text/html,False,,Public,Sports Club Training Roster,FCT-2026-4E4AC4,football drills; coach notes; attendance sheet; injury recovery,2378
0154_unrelated_q102_IT_Helpdesk_Ticket_Summary.rtf,rtf,application/rtf,False,,Internal,IT Helpdesk Ticket Summary,FCT-2026-28BB35,laptop docking; printer jam; password reset; VPN latency,1615
0155_related_q011_International_Commercial_Partnership_Sum.xlsx,xlsx,application/vnd.openxmlformats-officedocument.spreadsheetml.sheet,True,11,Secret,International Commercial Partnership Summary,FCT-2026-9E6296,sovereign investment; commercial agreement; joint venture; strategic partnership; strategic supplier; foreign investment; technology transfer; investment agreement,7211
0156_related_q006_National_Reputation_Risk_Watchlist.xml,xml,text/xml,True,6,Top Secret,National Reputation Risk Watchlist,FCT-2026-244018,diplomatic crisis; money laundering; media exposure; corruption; human rights violation; censorship; international criticism; sanctions,2141
0157_related_q012_Export_Continuity_Advisory.log,log,text/log,True,12,Secret,Export Continuity Advisory,FCT-2026-3705D3,export decline; export restriction; port closure; sanctions; trade barrier; shipping disruption; customs restriction; trade embargo,1949
0158_unrelated_q102_IT_Helpdesk_Ticket_Summary.tsv,tsv,text/tab-separated-values,False,,Internal,IT Helpdesk Ticket Summary,FCT-2026-F30F46,password reset; printer jam; laptop docking; VPN latency,521
0159_related_q010_Strategic_Resource_Outlook.svg,svg,image/svg+xml,True,10,Secret,Strategic Resource Outlook,FCT-2026-B271A9,oil reserve; OPEC; production quota; resource depletion; natural gas; crude oil; Brent; petroleum exports,763
0160_related_q005_Critical_Infrastructure_Resilience_Bulle.docx,docx,application/vnd.openxmlformats-officedocument.wordprocessingml.document,True,5,Top Secret,Critical Infrastructure Resilience Bulletin,FCT-2026-0820DE,critical infrastructure; refinery; SCADA; gas plant; water treatment; blackout; ICS; power grid,37899
0161_unrelated_q109_Weather_Outlook_for_Field_Picnic.md,md,text/markdown,False,,Public,Weather Outlook for Field Picnic,FCT-2026-533894,picnic blankets; UV index; sunny intervals; light breeze,2035
0162_related_q002_Force_and_VIP_Movement_Coordination_Note.mht,mht,multipart/related,True,2,Top Secret,Force and VIP Movement Coordination Note,FCT-2026-B4C0A2,troop movement; motorcade; VIP movement; mobilization; deployment; patrol route; escort; checkpoint,2692
0163_unrelated_q108_Procurement_Stationery_Order.csv,csv,text/csv,False,,Internal,Procurement Stationery Order,FCT-2026-45529C,notebooks; toner cartridge; whiteboard markers; sticky notes,701
0164_unrelated_q107_Sports_Club_Training_Roster.json,json,application/json,False,,Public,Sports Club Training Roster,FCT-2026-8B4BF5,football drills; attendance sheet; coach notes; injury recovery,1979
0165_unrelated_q108_Procurement_Stationery_Order.txt,txt,text/plain,False,,Internal,Procurement Stationery Order,FCT-2026-D62498,toner cartridge; whiteboard markers; notebooks; sticky notes,1933
0166_unrelated_q108_Procurement_Stationery_Order.zip,zip,application/zip,False,,Internal,Procurement Stationery Order,FCT-2026-875180,whiteboard markers; notebooks; toner cartridge; sticky notes,1138
0167_unrelated_q104_Facilities_Maintenance_Schedule.eml,eml,message/rfc822,False,,Internal,Facilities Maintenance Schedule,FCT-2026-31BD09,lighting upgrade; parking lot paint; elevator inspection; HVAC filter,2254
0168_unrelated_q108_Procurement_Stationery_Order.pdf,pdf,application/pdf,False,,Internal,Procurement Stationery Order,FCT-2026-627546,notebooks; toner cartridge; sticky notes; whiteboard markers,4106
0169_unrelated_q110_Volunteer_Greening_Day_Plan.pptx,pptx,application/vnd.openxmlformats-officedocument.presentationml.presentation,False,,Public,Volunteer Greening Day Plan,FCT-2026-2DB116,community garden; recycling bins; irrigation hose; tree planting,30224
0170_related_q001_Restricted_Defense_Asset_Inventory_Brief.html,html,text/html,True,1,Top Secret,Restricted Defense Asset Inventory Brief,FCT-2026-48DFBB,UAV; artillery; Ministry of Defense; tank; ammunition depot; fighter aircraft; arsenal; explosives,3001
0171_related_q002_Force_and_VIP_Movement_Coordination_Note.rtf,rtf,application/rtf,True,2,Top Secret,Force and VIP Movement Coordination Note,FCT-2026-36FFF4,motorcade; convoy; troop movement; deployment; Royal Guard; military exercise; National Guard; patrol route,2196
0172_related_q015_Vital_National_Installation_Status_Sheet.xlsx,xlsx,application/vnd.openxmlformats-officedocument.spreadsheetml.sheet,True,15,Secret,Vital National Installation Status Sheet,FCT-2026-6EAB03,military base; seaport; oil refinery; substation; command center; power station; telecom exchange; airport,7163
0173_related_q014_Strategic_Warehouse_and_Logistics_Reserv.xml,xml,text/xml,True,14,Secret,Strategic Warehouse and Logistics Reserve Register,FCT-2026-8C687E,supply depot; inventory reserve; storage facility; logistics center; warehouse; fuel depot; emergency stockpile; strategic reserve,2157
0174_unrelated_q104_Facilities_Maintenance_Schedule.log,log,text/log,False,,Internal,Facilities Maintenance Schedule,FCT-2026-CC5AD0,elevator inspection; parking lot paint; lighting upgrade; HVAC filter,1454
0175_related_q005_Critical_Infrastructure_Resilience_Bulle.tsv,tsv,text/tab-separated-values,True,5,Top Secret,Critical Infrastructure Resilience Bulletin,FCT-2026-D17792,gas plant; power grid; water treatment; pipeline; blackout; critical infrastructure; oil production; refinery,628
0176_unrelated_q109_Weather_Outlook_for_Field_Picnic.svg,svg,image/svg+xml,False,,Public,Weather Outlook for Field Picnic,FCT-2026-C2E68D,picnic blankets; UV index; light breeze; sunny intervals,713
0177_related_q011_International_Commercial_Partnership_Sum.docx,docx,application/vnd.openxmlformats-officedocument.wordprocessingml.document,True,11,Secret,International Commercial Partnership Summary,FCT-2026-000838,sovereign investment; foreign investment; commercial agreement; investment agreement; joint venture; strategic supplier; strategic partnership; technology transfer,37921
0178_unrelated_q103_Employee_Wellness_Newsletter.md,md,text/markdown,False,,Public,Employee Wellness Newsletter,FCT-2026-561027,hydration tips; step challenge; yoga session; ergonomic chair,2008
0179_related_q008_Diplomatic_Negotiation_Status_Memo.mht,mht,multipart/related,True,8,Secret,Diplomatic Negotiation Status Memo,FCT-2026-02DE00,classified negotiation; consulate; bilateral agreement; diplomatic note; foreign ministry; diplomatic cable; treaty; strategic partnership,2839
0180_related_q008_Diplomatic_Negotiation_Status_Memo.csv,csv,text/csv,True,8,Secret,Diplomatic Negotiation Status Memo,FCT-2026-84540C,consulate; classified negotiation; foreign ministry; bilateral agreement; MOU; diplomatic note; diplomatic cable; embassy,960
0181_unrelated_q109_Weather_Outlook_for_Field_Picnic.json,json,application/json,False,,Public,Weather Outlook for Field Picnic,FCT-2026-CAA98F,sunny intervals; UV index; light breeze; picnic blankets,1995
0182_unrelated_q103_Employee_Wellness_Newsletter.txt,txt,text/plain,False,,Public,Employee Wellness Newsletter,FCT-2026-F565C8,step challenge; ergonomic chair; hydration tips; yoga session,1919
0183_related_q011_International_Commercial_Partnership_Sum.zip,zip,application/zip,True,11,Secret,International Commercial Partnership Summary,FCT-2026-26CD99,foreign investment; strategic partnership; investment agreement; strategic supplier; technology transfer; sovereign investment; commercial agreement; joint venture,1401
0184_related_q013_Government_Operations_Disruption_Report.eml,eml,message/rfc822,True,13,Secret,Government Operations Disruption Report,FCT-2026-38C905,business continuity; cyber attack; operational disruption; disaster recovery; service outage; emergency operations; government shutdown; system failure,3011
0185_unrelated_q104_Facilities_Maintenance_Schedule.pdf,pdf,application/pdf,False,,Internal,Facilities Maintenance Schedule,FCT-2026-8041C9,parking lot paint; HVAC filter; elevator inspection; lighting upgrade,4078
0186_unrelated_q107_Sports_Club_Training_Roster.pptx,pptx,application/vnd.openxmlformats-officedocument.presentationml.presentation,False,,Public,Sports Club Training Roster,FCT-2026-FDD431,coach notes; injury recovery; football drills; attendance sheet,30227
0187_unrelated_q108_Procurement_Stationery_Order.html,html,text/html,False,,Internal,Procurement Stationery Order,FCT-2026-349E43,notebooks; sticky notes; whiteboard markers; toner cartridge,2373
0188_unrelated_q104_Facilities_Maintenance_Schedule.rtf,rtf,application/rtf,False,,Internal,Facilities Maintenance Schedule,FCT-2026-462B1E,HVAC filter; parking lot paint; elevator inspection; lighting upgrade,1650
0189_related_q015_Vital_National_Installation_Status_Sheet.xlsx,xlsx,application/vnd.openxmlformats-officedocument.spreadsheetml.sheet,True,15,Secret,Vital National Installation Status Sheet,FCT-2026-A63453,desalination plant; power station; military base; oil refinery; government facility; command center; substation; telecom exchange,7174
0190_related_q005_Critical_Infrastructure_Resilience_Bulle.xml,xml,text/xml,True,5,Top Secret,Critical Infrastructure Resilience Bulletin,FCT-2026-1D17E4,critical infrastructure; gas plant; blackout; airport shutdown; telecommunications outage; pipeline; SCADA; refinery,2148
0191_related_q007_Counter-Terrorism_Threat_Digest.log,log,text/log,True,7,Top Secret,Counter-Terrorism Threat Digest,FCT-2026-9DCADB,ISIS; violent extremism; extremist; Daesh; IED; suicide attack; radicalization; Al-Qaeda,1911
0192_related_q005_Critical_Infrastructure_Resilience_Bulle.tsv,tsv,text/tab-separated-values,True,5,Top Secret,Critical Infrastructure Resilience Bulletin,FCT-2026-1716BE,oil production; seaport; SCADA; power grid; airport shutdown; pipeline; ICS; refinery,595
0193_unrelated_q107_Sports_Club_Training_Roster.svg,svg,image/svg+xml,False,,Public,Sports Club Training Roster,FCT-2026-F9A06E,football drills; attendance sheet; injury recovery; coach notes,708
0194_related_q012_Export_Continuity_Advisory.docx,docx,application/vnd.openxmlformats-officedocument.wordprocessingml.document,True,12,Secret,Export Continuity Advisory,FCT-2026-F8EC99,trade barrier; trade embargo; sanctions; export decline; customs restriction; shipping disruption; port closure; export restriction,37907
0195_related_q013_Government_Operations_Disruption_Report.md,md,text/markdown,True,13,Secret,Government Operations Disruption Report,FCT-2026-161DAB,cyber attack; operational disruption; service outage; disaster recovery; business continuity; emergency operations; system failure; government shutdown,2771
0196_related_q007_Counter-Terrorism_Threat_Digest.mht,mht,multipart/related,True,7,Top Secret,Counter-Terrorism Threat Digest,FCT-2026-CFE6C1,bomb; Daesh; violent extremism; attack plan; ISIS; terrorist; terrorism; VBIED,2602
0197_unrelated_q106_Library_Acquisition_List.csv,csv,text/csv,False,,Public,Library Acquisition List,FCT-2026-2350BD,cataloguing; fiction collection; reading club; interlibrary loan,716
0198_unrelated_q110_Volunteer_Greening_Day_Plan.json,json,application/json,False,,Public,Volunteer Greening Day Plan,FCT-2026-921A37,irrigation hose; tree planting; community garden; recycling bins,2000
0199_related_q012_Export_Continuity_Advisory.txt,txt,text/plain,True,12,Secret,Export Continuity Advisory,FCT-2026-B1CA14,trade barrier; customs restriction; export decline; shipping disruption; sanctions; export restriction; port closure; trade embargo,2561
0200_related_q006_National_Reputation_Risk_Watchlist.zip,zip,application/zip,True,6,Top Secret,National Reputation Risk Watchlist,FCT-2026-B4480A,sanctions; censorship; media exposure; bribery; international criticism; diplomatic crisis; human rights violation; scandal,1393
0201_related_q006_National_Reputation_Risk_Watchlist.eml,eml,message/rfc822,True,6,Top Secret,National Reputation Risk Watchlist,FCT-2026-FBEB1C,diplomatic crisis; media exposure; money laundering; bribery; censorship; corruption; sanctions; international criticism,2893
0202_related_q003_Emergency_Continuity_and_Engagement_Proc.pdf,pdf,application/pdf,True,3,Top Secret,Emergency Continuity and Engagement Procedures,FCT-2026-5BA4EF,continuity of government; contingency plan; war plan; battle plan; mobilization plan; evacuation plan; command structure; military doctrine,4389
0203_unrelated_q103_Employee_Wellness_Newsletter.pptx,pptx,application/vnd.openxmlformats-officedocument.presentationml.presentation,False,,Public,Employee Wellness Newsletter,FCT-2026-DBA437,yoga session; ergonomic chair; hydration tips; step challenge,30224
0204_related_q005_Critical_Infrastructure_Resilience_Bulle.html,html,text/html,True,5,Top Secret,Critical Infrastructure Resilience Bulletin,FCT-2026-4F92F4,blackout; telecommunications outage; power grid; critical infrastructure; gas plant; oil production; pipeline; ICS,3099
0205_unrelated_q110_Volunteer_Greening_Day_Plan.rtf,rtf,application/rtf,False,,Public,Volunteer Greening Day Plan,FCT-2026-707E77,tree planting; community garden; recycling bins; irrigation hose,1632
0206_related_q009_Labor_Market_Stability_Brief.xlsx,xlsx,application/vnd.openxmlformats-officedocument.spreadsheetml.sheet,True,9,Secret,Labor Market Stability Brief,FCT-2026-ABE5CD,labor shortage; recruitment freeze; wage reduction; unemployment; Nitaqat; workforce reduction; Saudization; mass layoff,7170
0207_related_q008_Diplomatic_Negotiation_Status_Memo.xml,xml,text/xml,True,8,Secret,Diplomatic Negotiation Status Memo,FCT-2026-B8714B,foreign ministry; strategic partnership; bilateral agreement; consulate; treaty; embassy; classified negotiation; diplomatic note,2154
0208_related_q012_Export_Continuity_Advisory.log,log,text/log,True,12,Secret,Export Continuity Advisory,FCT-2026-2C9C91,customs restriction; trade embargo; port closure; sanctions; trade barrier; shipping disruption; export restriction; export decline,1942
0209_related_q002_Force_and_VIP_Movement_Coordination_Note.tsv,tsv,text/tab-separated-values,True,2,Top Secret,Force and VIP Movement Coordination Note,FCT-2026-9E6D6A,checkpoint; convoy; patrol route; National Guard; mobilization; motorcade; deployment; escort,605
0210_related_q013_Government_Operations_Disruption_Report.svg,svg,image/svg+xml,True,13,Secret,Government Operations Disruption Report,FCT-2026-2F39CF,government shutdown; system failure; business continuity; emergency operations; disaster recovery; cyber attack; service outage; operational disruption,808
0211_related_q002_Force_and_VIP_Movement_Coordination_Note.docx,docx,application/vnd.openxmlformats-officedocument.wordprocessingml.document,True,2,Top Secret,Force and VIP Movement Coordination Note,FCT-2026-632AD6,military exercise; mobilization; National Guard; troop movement; deployment; Royal Guard; escort; checkpoint,37900
0212_unrelated_q102_IT_Helpdesk_Ticket_Summary.md,md,text/markdown,False,,Internal,IT Helpdesk Ticket Summary,FCT-2026-425B3F,VPN latency; printer jam; password reset; laptop docking,2008
0213_unrelated_q101_Office_Cafeteria_Weekly_Menu.mht,mht,multipart/related,False,,Public,Office Cafeteria Weekly Menu,FCT-2026-C62FD7,dessert bar; coffee station; lunch special; vegetarian option,2076
0214_unrelated_q109_Weather_Outlook_for_Field_Picnic.csv,csv,text/csv,False,,Public,Weather Outlook for Field Picnic,FCT-2026-50770D,sunny intervals; light breeze; picnic blankets; UV index,715
0215_unrelated_q101_Office_Cafeteria_Weekly_Menu.json,json,application/json,False,,Public,Office Cafeteria Weekly Menu,FCT-2026-BD53A0,vegetarian option; lunch special; coffee station; dessert bar,2008
0216_related_q008_Diplomatic_Negotiation_Status_Memo.txt,txt,text/plain,True,8,Secret,Diplomatic Negotiation Status Memo,FCT-2026-1E337B,treaty; MOU; bilateral agreement; consulate; embassy; strategic partnership; diplomatic cable; classified negotiation,2527
0217_unrelated_q106_Library_Acquisition_List.zip,zip,application/zip,False,,Public,Library Acquisition List,FCT-2026-E1C0FD,interlibrary loan; fiction collection; cataloguing; reading club,1137
0218_related_q001_Restricted_Defense_Asset_Inventory_Brief.eml,eml,message/rfc822,True,1,Top Secret,Restricted Defense Asset Inventory Brief,FCT-2026-4D8890,air defense; armory; weapons cache; missile; Royal Saudi Air Force; fighter aircraft; drone; tank,2837
0219_unrelated_q104_Facilities_Maintenance_Schedule.pdf,pdf,application/pdf,False,,Internal,Facilities Maintenance Schedule,FCT-2026-7A5098,parking lot paint; HVAC filter; elevator inspection; lighting upgrade,4092
0220_unrelated_q101_Office_Cafeteria_Weekly_Menu.pptx,pptx,application/vnd.openxmlformats-officedocument.presentationml.presentation,False,,Public,Office Cafeteria Weekly Menu,FCT-2026-D42634,dessert bar; lunch special; vegetarian option; coffee station,30222
0221_unrelated_q104_Facilities_Maintenance_Schedule.html,html,text/html,False,,Internal,Facilities Maintenance Schedule,FCT-2026-4CA6D3,parking lot paint; lighting upgrade; HVAC filter; elevator inspection,2410
0222_unrelated_q103_Employee_Wellness_Newsletter.rtf,rtf,application/rtf,False,,Public,Employee Wellness Newsletter,FCT-2026-5555AD,hydration tips; step challenge; yoga session; ergonomic chair,1621
0223_unrelated_q107_Sports_Club_Training_Roster.xlsx,xlsx,application/vnd.openxmlformats-officedocument.spreadsheetml.sheet,False,,Public,Sports Club Training Roster,FCT-2026-5AD77C,coach notes; injury recovery; football drills; attendance sheet,6843
0224_related_q015_Vital_National_Installation_Status_Sheet.xml,xml,text/xml,True,15,Secret,Vital National Installation Status Sheet,FCT-2026-5F61CE,military base; desalination plant; command center; government facility; airport; seaport; oil refinery; substation,2131
0225_related_q009_Labor_Market_Stability_Brief.log,log,text/log,True,9,Secret,Labor Market Stability Brief,FCT-2026-70A8B6,employment crisis; labor shortage; mass layoff; Saudization; recruitment freeze; workforce reduction; wage reduction; unemployment,1937
0226_unrelated_q105_Marketing_Campaign_Retro.tsv,tsv,text/tab-separated-values,False,,Internal,Marketing Campaign Retro,FCT-2026-1DBAAE,click-through rate; social media post; newsletter open rate; brand awareness,541
0227_unrelated_q101_Office_Cafeteria_Weekly_Menu.svg,svg,image/svg+xml,False,,Public,Office Cafeteria Weekly Menu,FCT-2026-0F0E4E,coffee station; lunch special; dessert bar; vegetarian option,714
0228_related_q001_Restricted_Defense_Asset_Inventory_Brief.docx,docx,application/vnd.openxmlformats-officedocument.wordprocessingml.document,True,1,Top Secret,Restricted Defense Asset Inventory Brief,FCT-2026-405F46,missile; artillery; ballistic missile; UAV; tank; Ministry of Defense; fighter aircraft; arsenal,37907
0229_unrelated_q103_Employee_Wellness_Newsletter.md,md,text/markdown,False,,Public,Employee Wellness Newsletter,FCT-2026-A795DE,step challenge; yoga session; ergonomic chair; hydration tips,2031
0230_related_q014_Strategic_Warehouse_and_Logistics_Reserv.mht,mht,multipart/related,True,14,Secret,Strategic Warehouse and Logistics Reserve Register,FCT-2026-26C971,storage facility; logistics center; emergency stockpile; warehouse; strategic reserve; inventory reserve; supply depot; fuel depot,2863
0231_related_q013_Government_Operations_Disruption_Report.csv,csv,text/csv,True,13,Secret,Government Operations Disruption Report,FCT-2026-2E7934,system failure; cyber attack; business continuity; government shutdown; disaster recovery; service outage; emergency operations; operational disruption,1005
0232_related_q014_Strategic_Warehouse_and_Logistics_Reserv.json,json,application/json,True,14,Secret,Strategic Warehouse and Logistics Reserve Register,FCT-2026-6D1673,inventory reserve; fuel depot; logistics center; emergency stockpile; strategic reserve; warehouse; supply depot; storage facility,2567
0233_related_q011_International_Commercial_Partnership_Sum.txt,txt,text/plain,True,11,Secret,International Commercial Partnership Summary,FCT-2026-CA6F48,strategic partnership; strategic supplier; investment agreement; joint venture; sovereign investment; technology transfer; commercial agreement; foreign investment,2708
0234_related_q004_Cryptographic_Key_Custody_Log.zip,zip,application/zip,True,4,Top Secret,Cryptographic Key Custody Log,FCT-2026-76BFCC,secret key; certificate authority; PKI; cryptographic key; key management; TLS certificate; VPN key; private key,1365
0235_related_q001_Restricted_Defense_Asset_Inventory_Brief.eml,eml,message/rfc822,True,1,Top Secret,Restricted Defense Asset Inventory Brief,FCT-2026-D578D5,Royal Saudi Air Force; tank; artillery; drone; arsenal; armory; weapons cache; Ministry of Defense,2826
0236_related_q006_National_Reputation_Risk_Watchlist.pdf,pdf,application/pdf,True,6,Top Secret,National Reputation Risk Watchlist,FCT-2026-4B8DF7,human rights violation; media exposure; censorship; bribery; scandal; international criticism; money laundering; corruption,4409
0237_unrelated_q106_Library_Acquisition_List.pptx,pptx,application/vnd.openxmlformats-officedocument.presentationml.presentation,False,,Public,Library Acquisition List,FCT-2026-171497,reading club; fiction collection; interlibrary loan; cataloguing,30221
0238_related_q014_Strategic_Warehouse_and_Logistics_Reserv.html,html,text/html,True,14,Secret,Strategic Warehouse and Logistics Reserve Register,FCT-2026-B96095,supply depot; inventory reserve; warehouse; logistics center; fuel depot; storage facility; emergency stockpile; strategic reserve,3134
0239_unrelated_q110_Volunteer_Greening_Day_Plan.rtf,rtf,application/rtf,False,,Public,Volunteer Greening Day Plan,FCT-2026-500039,recycling bins; tree planting; irrigation hose; community garden,1622
0240_related_q007_Counter-Terrorism_Threat_Digest.xlsx,xlsx,application/vnd.openxmlformats-officedocument.spreadsheetml.sheet,True,7,Top Secret,Counter-Terrorism Threat Digest,FCT-2026-D39C52,Al-Qaeda; hostage; VBIED; Daesh; bomb; violent extremism; IED; radicalization,7160
0241_unrelated_q109_Weather_Outlook_for_Field_Picnic.xml,xml,text/xml,False,,Public,Weather Outlook for Field Picnic,FCT-2026-EF6C24,picnic blankets; light breeze; UV index; sunny intervals,1739
0242_related_q004_Cryptographic_Key_Custody_Log.log,log,text/log,True,4,Top Secret,Cryptographic Key Custody Log,FCT-2026-18743B,VPN key; PKI; HSM; root certificate; RSA; cryptographic key; secret key; certificate authority,1917
0243_related_q003_Emergency_Continuity_and_Engagement_Proc.tsv,tsv,text/tab-separated-values,True,3,Top Secret,Emergency Continuity and Engagement Procedures,FCT-2026-3FD174,mobilization plan; defense strategy; command structure; battle plan; emergency response; continuity of government; evacuation plan; rules of engagement,677
0244_related_q011_International_Commercial_Partnership_Sum.svg,svg,image/svg+xml,True,11,Secret,International Commercial Partnership Summary,FCT-2026-8A82F4,strategic supplier; strategic partnership; sovereign investment; commercial agreement; technology transfer; investment agreement; foreign investment; joint venture,830
0245_unrelated_q107_Sports_Club_Training_Roster.docx,docx,application/vnd.openxmlformats-officedocument.wordprocessingml.document,False,,Public,Sports Club Training Roster,FCT-2026-58B188,attendance sheet; injury recovery; coach notes; football drills,37698
0246_unrelated_q108_Procurement_Stationery_Order.md,md,text/markdown,False,,Internal,Procurement Stationery Order,FCT-2026-956152,sticky notes; notebooks; toner cartridge; whiteboard markers,2013
0247_related_q007_Counter-Terrorism_Threat_Digest.mht,mht,multipart/related,True,7,Top Secret,Counter-Terrorism Threat Digest,FCT-2026-9EA351,ISIS; radicalization; terrorist; violent extremism; bomb; Al-Qaeda; Daesh; IED,2610
0248_related_q010_Strategic_Resource_Outlook.csv,csv,text/csv,True,10,Secret,Strategic Resource Outlook,FCT-2026-82299C,Brent; petroleum exports; OPEC; mining; production quota; natural gas; resource depletion; commodity price,929
0249_related_q008_Diplomatic_Negotiation_Status_Memo.json,json,application/json,True,8,Secret,Diplomatic Negotiation Status Memo,FCT-2026-24C0E8,strategic partnership; consulate; MOU; foreign ministry; treaty; diplomatic note; embassy; classified negotiation,2487
0250_related_q015_Vital_National_Installation_Status_Sheet.txt,txt,text/plain,True,15,Secret,Vital National Installation Status Sheet,FCT-2026-C398C6,military base; seaport; desalination plant; command center; government facility; power station; telecom exchange; airport,2562
0251_related_q003_Emergency_Continuity_and_Engagement_Proc.zip,zip,application/zip,True,3,Top Secret,Emergency Continuity and Engagement Procedures,FCT-2026-884E91,defense strategy; mobilization plan; evacuation plan; military doctrine; command structure; war plan; emergency response; battle plan,1393
0252_related_q005_Critical_Infrastructure_Resilience_Bulle.eml,eml,message/rfc822,True,5,Top Secret,Critical Infrastructure Resilience Bulletin,FCT-2026-C41084,power grid; refinery; water treatment; oil production; seaport; critical infrastructure; gas plant; telecommunications outage,2904
0253_unrelated_q110_Volunteer_Greening_Day_Plan.pdf,pdf,application/pdf,False,,Public,Volunteer Greening Day Plan,FCT-2026-A1CE0A,irrigation hose; community garden; tree planting; recycling bins,4106
0254_related_q005_Critical_Infrastructure_Resilience_Bulle.pptx,pptx,application/vnd.openxmlformats-officedocument.presentationml.presentation,True,5,Top Secret,Critical Infrastructure Resilience Bulletin,FCT-2026-683DC8,gas plant; refinery; water treatment; ICS; critical infrastructure; SCADA; blackout; airport shutdown,30360
0255_related_q005_Critical_Infrastructure_Resilience_Bulle.html,html,text/html,True,5,Top Secret,Critical Infrastructure Resilience Bulletin,FCT-2026-D636FF,seaport; ICS; gas plant; telecommunications outage; blackout; oil production; water treatment; SCADA,3008
0256_related_q008_Diplomatic_Negotiation_Status_Memo.rtf,rtf,application/rtf,True,8,Secret,Diplomatic Negotiation Status Memo,FCT-2026-97BAF2,foreign ministry; bilateral agreement; consulate; diplomatic cable; embassy; diplomatic note; MOU; treaty,2218
0257_unrelated_q109_Weather_Outlook_for_Field_Picnic.xlsx,xlsx,application/vnd.openxmlformats-officedocument.spreadsheetml.sheet,False,,Public,Weather Outlook for Field Picnic,FCT-2026-F4DA8B,sunny intervals; light breeze; picnic blankets; UV index,6854
0258_related_q006_National_Reputation_Risk_Watchlist.xml,xml,text/xml,True,6,Top Secret,National Reputation Risk Watchlist,FCT-2026-6B3656,money laundering; scandal; censorship; diplomatic crisis; media exposure; corruption; sanctions; bribery,2080
0259_unrelated_q110_Volunteer_Greening_Day_Plan.log,log,text/log,False,,Public,Volunteer Greening Day Plan,FCT-2026-413114,community garden; recycling bins; irrigation hose; tree planting,1437
0260_related_q002_Force_and_VIP_Movement_Coordination_Note.tsv,tsv,text/tab-separated-values,True,2,Top Secret,Force and VIP Movement Coordination Note,FCT-2026-27B3B3,Royal Guard; checkpoint; motorcade; National Guard; mobilization; patrol route; operational route; escort,623
0261_related_q002_Force_and_VIP_Movement_Coordination_Note.svg,svg,image/svg+xml,True,2,Top Secret,Force and VIP Movement Coordination Note,FCT-2026-78269F,VIP movement; checkpoint; operational route; National Guard; patrol route; convoy; motorcade; Royal Guard,783
0262_related_q014_Strategic_Warehouse_and_Logistics_Reserv.docx,docx,application/vnd.openxmlformats-officedocument.wordprocessingml.document,True,14,Secret,Strategic Warehouse and Logistics Reserve Register,FCT-2026-E3AACF,warehouse; supply depot; inventory reserve; logistics center; strategic reserve; fuel depot; emergency stockpile; storage facility,37911
0263_unrelated_q105_Marketing_Campaign_Retro.md,md,text/markdown,False,,Internal,Marketing Campaign Retro,FCT-2026-40F7FA,brand awareness; social media post; newsletter open rate; click-through rate,2037
0264_unrelated_q105_Marketing_Campaign_Retro.mht,mht,multipart/related,False,,Internal,Marketing Campaign Retro,FCT-2026-B64A87,social media post; newsletter open rate; click-through rate; brand awareness,2101
0265_unrelated_q108_Procurement_Stationery_Order.csv,csv,text/csv,False,,Internal,Procurement Stationery Order,FCT-2026-5BF973,notebooks; whiteboard markers; toner cartridge; sticky notes,721
0266_unrelated_q110_Volunteer_Greening_Day_Plan.json,json,application/json,False,,Public,Volunteer Greening Day Plan,FCT-2026-4D9C08,community garden; irrigation hose; tree planting; recycling bins,2021
0267_related_q012_Export_Continuity_Advisory.txt,txt,text/plain,True,12,Secret,Export Continuity Advisory,FCT-2026-97580D,customs restriction; sanctions; port closure; export decline; trade barrier; trade embargo; export restriction; shipping disruption,2546
0268_related_q007_Counter-Terrorism_Threat_Digest.zip,zip,application/zip,True,7,Top Secret,Counter-Terrorism Threat Digest,FCT-2026-4D65FC,extremist; suicide attack; terrorist; Daesh; radicalization; IED; VBIED; bomb,1341
0269_related_q002_Force_and_VIP_Movement_Coordination_Note.eml,eml,message/rfc822,True,2,Top Secret,Force and VIP Movement Coordination Note,FCT-2026-C644B5,mobilization; National Guard; VIP movement; Royal Guard; convoy; operational route; motorcade; deployment,2867
0270_unrelated_q102_IT_Helpdesk_Ticket_Summary.pdf,pdf,application/pdf,False,,Internal,IT Helpdesk Ticket Summary,FCT-2026-DE7FA0,printer jam; VPN latency; laptop docking; password reset,4061
0271_related_q013_Government_Operations_Disruption_Report.pptx,pptx,application/vnd.openxmlformats-officedocument.presentationml.presentation,True,13,Secret,Government Operations Disruption Report,FCT-2026-B4AF3C,system failure; cyber attack; disaster recovery; emergency operations; service outage; operational disruption; business continuity; government shutdown,30390
0272_unrelated_q103_Employee_Wellness_Newsletter.html,html,text/html,False,,Public,Employee Wellness Newsletter,FCT-2026-6C83A8,ergonomic chair; hydration tips; step challenge; yoga session,2393
0273_unrelated_q109_Weather_Outlook_for_Field_Picnic.rtf,rtf,application/rtf,False,,Public,Weather Outlook for Field Picnic,FCT-2026-3A4F6D,picnic blankets; UV index; sunny intervals; light breeze,1625
0274_related_q015_Vital_National_Installation_Status_Sheet.xlsx,xlsx,application/vnd.openxmlformats-officedocument.spreadsheetml.sheet,True,15,Secret,Vital National Installation Status Sheet,FCT-2026-39DA13,power station; seaport; airport; telecom exchange; military base; desalination plant; oil refinery; command center,7161
0275_unrelated_q110_Volunteer_Greening_Day_Plan.xml,xml,text/xml,False,,Public,Volunteer Greening Day Plan,FCT-2026-B896F1,tree planting; community garden; recycling bins; irrigation hose,1709
0276_related_q013_Government_Operations_Disruption_Report.log,log,text/log,True,13,Secret,Government Operations Disruption Report,FCT-2026-911536,operational disruption; cyber attack; business continuity; service outage; emergency operations; system failure; disaster recovery; government shutdown,1972
0277_related_q008_Diplomatic_Negotiation_Status_Memo.tsv,tsv,text/tab-separated-values,True,8,Secret,Diplomatic Negotiation Status Memo,FCT-2026-032663,treaty; foreign ministry; embassy; diplomatic cable; MOU; diplomatic note; bilateral agreement; strategic partnership,619
0278_unrelated_q104_Facilities_Maintenance_Schedule.svg,svg,image/svg+xml,False,,Internal,Facilities Maintenance Schedule,FCT-2026-77DB9C,parking lot paint; elevator inspection; HVAC filter; lighting upgrade,727
0279_related_q007_Counter-Terrorism_Threat_Digest.docx,docx,application/vnd.openxmlformats-officedocument.wordprocessingml.document,True,7,Top Secret,Counter-Terrorism Threat Digest,FCT-2026-D0DD58,extremist; suicide attack; attack plan; ISIS; radicalization; Al-Qaeda; VBIED; Daesh,37925
0280_related_q009_Labor_Market_Stability_Brief.md,md,text/markdown,True,9,Secret,Labor Market Stability Brief,FCT-2026-E9C31D,mass layoff; wage reduction; employment crisis; workforce reduction; Saudization; unemployment; recruitment freeze; labor shortage,2678
0281_related_q005_Critical_Infrastructure_Resilience_Bulle.mht,mht,multipart/related,True,5,Top Secret,Critical Infrastructure Resilience Bulletin,FCT-2026-ECFCEF,airport shutdown; critical infrastructure; water treatment; telecommunications outage; power grid; blackout; pipeline; seaport,2844
0282_unrelated_q104_Facilities_Maintenance_Schedule.csv,csv,text/csv,False,,Internal,Facilities Maintenance Schedule,FCT-2026-8DBB48,parking lot paint; elevator inspection; HVAC filter; lighting upgrade,735
0283_related_q012_Export_Continuity_Advisory.json,json,application/json,True,12,Secret,Export Continuity Advisory,FCT-2026-AE47B1,trade barrier; shipping disruption; port closure; export restriction; sanctions; customs restriction; export decline; trade embargo,2506
0284_unrelated_q109_Weather_Outlook_for_Field_Picnic.txt,txt,text/plain,False,,Public,Weather Outlook for Field Picnic,FCT-2026-4AF0B8,sunny intervals; UV index; light breeze; picnic blankets,1943
0285_unrelated_q105_Marketing_Campaign_Retro.zip,zip,application/zip,False,,Internal,Marketing Campaign Retro,FCT-2026-421E3A,click-through rate; newsletter open rate; social media post; brand awareness,1167
0286_unrelated_q104_Facilities_Maintenance_Schedule.eml,eml,message/rfc822,False,,Internal,Facilities Maintenance Schedule,FCT-2026-4B8B47,elevator inspection; lighting upgrade; HVAC filter; parking lot paint,2236
0287_related_q012_Export_Continuity_Advisory.pdf,pdf,application/pdf,True,12,Secret,Export Continuity Advisory,FCT-2026-747E42,export decline; trade embargo; shipping disruption; export restriction; sanctions; customs restriction; port closure; trade barrier,4373
0288_related_q015_Vital_National_Installation_Status_Sheet.pptx,pptx,application/vnd.openxmlformats-officedocument.presentationml.presentation,True,15,Secret,Vital National Installation Status Sheet,FCT-2026-634323,command center; military base; seaport; power station; oil refinery; airport; telecom exchange; substation,30344
0289_related_q004_Cryptographic_Key_Custody_Log.html,html,text/html,True,4,Top Secret,Cryptographic Key Custody Log,FCT-2026-6E561B,ECC; HSM; AES; secret key; private key; certificate authority; VPN key; root certificate,2926
0290_related_q014_Strategic_Warehouse_and_Logistics_Reserv.rtf,rtf,application/rtf,True,14,Secret,Strategic Warehouse and Logistics Reserve Register,FCT-2026-F3144B,strategic reserve; supply depot; logistics center; warehouse; storage facility; inventory reserve; emergency stockpile; fuel depot,2296
0291_unrelated_q102_IT_Helpdesk_Ticket_Summary.xlsx,xlsx,application/vnd.openxmlformats-officedocument.spreadsheetml.sheet,False,,Internal,IT Helpdesk Ticket Summary,FCT-2026-B887DE,VPN latency; laptop docking; printer jam; password reset,6856
0292_related_q015_Vital_National_Installation_Status_Sheet.xml,xml,text/xml,True,15,Secret,Vital National Installation Status Sheet,FCT-2026-D0F049,power station; oil refinery; seaport; government facility; substation; airport; military base; telecom exchange,2091
0293_related_q009_Labor_Market_Stability_Brief.log,log,text/log,True,9,Secret,Labor Market Stability Brief,FCT-2026-4F096A,Saudization; workforce reduction; employment crisis; unemployment; Nitaqat; wage reduction; recruitment freeze; mass layoff,1937
0294_unrelated_q106_Library_Acquisition_List.tsv,tsv,text/tab-separated-values,False,,Public,Library Acquisition List,FCT-2026-BDE1E0,reading club; fiction collection; cataloguing; interlibrary loan,532
0295_unrelated_q107_Sports_Club_Training_Roster.svg,svg,image/svg+xml,False,,Public,Sports Club Training Roster,FCT-2026-7E5CEC,attendance sheet; football drills; coach notes; injury recovery,708
0296_related_q013_Government_Operations_Disruption_Report.docx,docx,application/vnd.openxmlformats-officedocument.wordprocessingml.document,True,13,Secret,Government Operations Disruption Report,FCT-2026-78C30E,service outage; business continuity; cyber attack; government shutdown; disaster recovery; system failure; emergency operations; operational disruption,37917
0297_related_q013_Government_Operations_Disruption_Report.md,md,text/markdown,True,13,Secret,Government Operations Disruption Report,FCT-2026-AD4B7C,cyber attack; service outage; emergency operations; operational disruption; business continuity; system failure; government shutdown; disaster recovery,2773
0298_related_q011_International_Commercial_Partnership_Sum.mht,mht,multipart/related,True,11,Secret,International Commercial Partnership Summary,FCT-2026-FEA537,commercial agreement; sovereign investment; strategic supplier; technology transfer; investment agreement; strategic partnership; joint venture; foreign investment,2962
0299_related_q002_Force_and_VIP_Movement_Coordination_Note.csv,csv,text/csv,True,2,Top Secret,Force and VIP Movement Coordination Note,FCT-2026-D75627,checkpoint; motorcade; escort; National Guard; VIP movement; deployment; military exercise; operational route,938
0300_unrelated_q106_Library_Acquisition_List.json,json,application/json,False,,Public,Library Acquisition List,FCT-2026-B208DC,interlibrary loan; cataloguing; reading club; fiction collection,2000
0301_related_q001_Restricted_Defense_Asset_Inventory_Brief.txt,txt,text/plain,True,1,Top Secret,Restricted Defense Asset Inventory Brief,FCT-2026-DD8A4C,explosives; tank; ammunition depot; drone; arsenal; UAV; fighter aircraft; missile,2457
0302_unrelated_q102_IT_Helpdesk_Ticket_Summary.zip,zip,application/zip,False,,Internal,IT Helpdesk Ticket Summary,FCT-2026-5F811D,laptop docking; printer jam; password reset; VPN latency,1143
0303_related_q002_Force_and_VIP_Movement_Coordination_Note.eml,eml,message/rfc822,True,2,Top Secret,Force and VIP Movement Coordination Note,FCT-2026-3A5631,motorcade; mobilization; deployment; VIP movement; military exercise; operational route; patrol route; convoy,2874
0304_related_q003_Emergency_Continuity_and_Engagement_Proc.pdf,pdf,application/pdf,True,3,Top Secret,Emergency Continuity and Engagement Procedures,FCT-2026-115A86,military doctrine; continuity of government; command structure; emergency response; mobilization plan; defense strategy; war plan; evacuation plan,4460
0305_unrelated_q107_Sports_Club_Training_Roster.pptx,pptx,application/vnd.openxmlformats-officedocument.presentationml.presentation,False,,Public,Sports Club Training Roster,FCT-2026-5A00AC,football drills; injury recovery; attendance sheet; coach notes,30229
0306_unrelated_q101_Office_Cafeteria_Weekly_Menu.html,html,text/html,False,,Public,Office Cafeteria Weekly Menu,FCT-2026-FC0A94,dessert bar; lunch special; coffee station; vegetarian option,2405
0307_unrelated_q110_Volunteer_Greening_Day_Plan.rtf,rtf,application/rtf,False,,Public,Volunteer Greening Day Plan,FCT-2026-43EEBF,tree planting; irrigation hose; community garden; recycling bins,1621
0308_unrelated_q110_Volunteer_Greening_Day_Plan.xlsx,xlsx,application/vnd.openxmlformats-officedocument.spreadsheetml.sheet,False,,Public,Volunteer Greening Day Plan,FCT-2026-B8592E,tree planting; recycling bins; community garden; irrigation hose,6847
0309_unrelated_q105_Marketing_Campaign_Retro.xml,xml,text/xml,False,,Internal,Marketing Campaign Retro,FCT-2026-7F039A,click-through rate; social media post; brand awareness; newsletter open rate,1736
0310_related_q004_Cryptographic_Key_Custody_Log.log,log,text/log,True,4,Top Secret,Cryptographic Key Custody Log,FCT-2026-A6D5F1,key management; AES; secret key; RSA; root certificate; PKI; certificate authority; private key,1911
0311_related_q008_Diplomatic_Negotiation_Status_Memo.tsv,tsv,text/tab-separated-values,True,8,Secret,Diplomatic Negotiation Status Memo,FCT-2026-C6CFEC,embassy; treaty; diplomatic note; foreign ministry; diplomatic cable; consulate; MOU; bilateral agreement,612
0312_related_q001_Restricted_Defense_Asset_Inventory_Brief.svg,svg,image/svg+xml,True,1,Top Secret,Restricted Defense Asset Inventory Brief,FCT-2026-21734E,tank; armory; arsenal; missile; UAV; ballistic missile; Royal Saudi Air Force; Ministry of Defense,756
0313_unrelated_q110_Volunteer_Greening_Day_Plan.docx,docx,application/vnd.openxmlformats-officedocument.wordprocessingml.document,False,,Public,Volunteer Greening Day Plan,FCT-2026-0E90BF,tree planting; recycling bins; community garden; irrigation hose,37712
0314_related_q010_Strategic_Resource_Outlook.md,md,text/markdown,True,10,Secret,Strategic Resource Outlook,FCT-2026-056132,petroleum exports; crude oil; mining; resource depletion; commodity price; Brent; production quota; oil reserve,2612
0315_unrelated_q110_Volunteer_Greening_Day_Plan.mht,mht,multipart/related,False,,Public,Volunteer Greening Day Plan,FCT-2026-6545E4,tree planting; irrigation hose; community garden; recycling bins,2072
0316_unrelated_q109_Weather_Outlook_for_Field_Picnic.csv,csv,text/csv,False,,Public,Weather Outlook for Field Picnic,FCT-2026-7E5283,light breeze; picnic blankets; sunny intervals; UV index,726
0317_related_q015_Vital_National_Installation_Status_Sheet.json,json,application/json,True,15,Secret,Vital National Installation Status Sheet,FCT-2026-A9DA60,substation; command center; seaport; airport; telecom exchange; government facility; desalination plant; military base,2495
0318_related_q006_National_Reputation_Risk_Watchlist.txt,txt,text/plain,True,6,Top Secret,National Reputation Risk Watchlist,FCT-2026-C8945B,money laundering; censorship; media exposure; diplomatic crisis; human rights violation; sanctions; scandal; bribery,2552
0319_unrelated_q102_IT_Helpdesk_Ticket_Summary.zip,zip,application/zip,False,,Internal,IT Helpdesk Ticket Summary,FCT-2026-33F355,VPN latency; password reset; printer jam; laptop docking,1149
0320_unrelated_q107_Sports_Club_Training_Roster.eml,eml,message/rfc822,False,,Public,Sports Club Training Roster,FCT-2026-13B51A,football drills; attendance sheet; coach notes; injury recovery,2221
0321_unrelated_q108_Procurement_Stationery_Order.pdf,pdf,application/pdf,False,,Internal,Procurement Stationery Order,FCT-2026-4EB3BC,whiteboard markers; sticky notes; toner cartridge; notebooks,4054
0322_unrelated_q103_Employee_Wellness_Newsletter.pptx,pptx,application/vnd.openxmlformats-officedocument.presentationml.presentation,False,,Public,Employee Wellness Newsletter,FCT-2026-CC7498,step challenge; hydration tips; ergonomic chair; yoga session,30222
0323_unrelated_q108_Procurement_Stationery_Order.html,html,text/html,False,,Internal,Procurement Stationery Order,FCT-2026-8D8DD1,notebooks; sticky notes; whiteboard markers; toner cartridge,2377
0324_related_q013_Government_Operations_Disruption_Report.rtf,rtf,application/rtf,True,13,Secret,Government Operations Disruption Report,FCT-2026-955932,disaster recovery; operational disruption; service outage; cyber attack; business continuity; emergency operations; government shutdown; system failure,2340
0325_related_q010_Strategic_Resource_Outlook.xlsx,xlsx,application/vnd.openxmlformats-officedocument.spreadsheetml.sheet,True,10,Secret,Strategic Resource Outlook,FCT-2026-74DD19,mining; oil reserve; petroleum exports; commodity price; production quota; Brent; natural gas; OPEC,7164
0326_related_q008_Diplomatic_Negotiation_Status_Memo.xml,xml,text/xml,True,8,Secret,Diplomatic Negotiation Status Memo,FCT-2026-C1A82D,foreign ministry; diplomatic cable; embassy; consulate; MOU; diplomatic note; strategic partnership; classified negotiation,2110
0327_related_q011_International_Commercial_Partnership_Sum.log,log,text/log,True,11,Secret,International Commercial Partnership Summary,FCT-2026-B98C48,strategic supplier; foreign investment; strategic partnership; investment agreement; sovereign investment; technology transfer; commercial agreement; joint venture,1992
0328_related_q012_Export_Continuity_Advisory.tsv,tsv,text/tab-separated-values,True,12,Secret,Export Continuity Advisory,FCT-2026-9548E5,export decline; shipping disruption; export restriction; customs restriction; port closure; trade embargo; sanctions; trade barrier,611
0329_related_q012_Export_Continuity_Advisory.svg,svg,image/svg+xml,True,12,Secret,Export Continuity Advisory,FCT-2026-B67A63,trade embargo; export decline; sanctions; port closure; trade barrier; shipping disruption; customs restriction; export restriction,774
0330_related_q013_Government_Operations_Disruption_Report.docx,docx,application/vnd.openxmlformats-officedocument.wordprocessingml.document,True,13,Secret,Government Operations Disruption Report,FCT-2026-87EF54,government shutdown; service outage; disaster recovery; system failure; cyber attack; operational disruption; emergency operations; business continuity,37955
0331_related_q015_Vital_National_Installation_Status_Sheet.md,md,text/markdown,True,15,Secret,Vital National Installation Status Sheet,FCT-2026-DFF265,substation; airport; power station; military base; government facility; command center; desalination plant; seaport,2652
0332_unrelated_q109_Weather_Outlook_for_Field_Picnic.mht,mht,multipart/related,False,,Public,Weather Outlook for Field Picnic,FCT-2026-A0B46C,picnic blankets; light breeze; sunny intervals; UV index,2084
0333_unrelated_q109_Weather_Outlook_for_Field_Picnic.csv,csv,text/csv,False,,Public,Weather Outlook for Field Picnic,FCT-2026-67C971,light breeze; sunny intervals; UV index; picnic blankets,701
0334_unrelated_q108_Procurement_Stationery_Order.json,json,application/json,False,,Internal,Procurement Stationery Order,FCT-2026-AB643E,sticky notes; toner cartridge; notebooks; whiteboard markers,1999
0335_unrelated_q103_Employee_Wellness_Newsletter.txt,txt,text/plain,False,,Public,Employee Wellness Newsletter,FCT-2026-8AEBF2,ergonomic chair; yoga session; hydration tips; step challenge,1912
0336_related_q009_Labor_Market_Stability_Brief.zip,zip,application/zip,True,9,Secret,Labor Market Stability Brief,FCT-2026-334731,Nitaqat; Saudization; unemployment; wage reduction; labor shortage; workforce reduction; mass layoff; recruitment freeze,1371
0337_related_q009_Labor_Market_Stability_Brief.eml,eml,message/rfc822,True,9,Secret,Labor Market Stability Brief,FCT-2026-8CB94D,employment crisis; labor shortage; Saudization; recruitment freeze; unemployment; Nitaqat; wage reduction; workforce reduction,2883
0338_related_q008_Diplomatic_Negotiation_Status_Memo.pdf,pdf,application/pdf,True,8,Secret,Diplomatic Negotiation Status Memo,FCT-2026-C25C83,consulate; classified negotiation; bilateral agreement; MOU; foreign ministry; embassy; diplomatic note; diplomatic cable,4379
0339_unrelated_q103_Employee_Wellness_Newsletter.pptx,pptx,application/vnd.openxmlformats-officedocument.presentationml.presentation,False,,Public,Employee Wellness Newsletter,FCT-2026-0B29FB,ergonomic chair; yoga session; hydration tips; step challenge,30224
0340_related_q003_Emergency_Continuity_and_Engagement_Proc.html,html,text/html,True,3,Top Secret,Emergency Continuity and Engagement Procedures,FCT-2026-D06B04,rules of engagement; mobilization plan; defense strategy; contingency plan; evacuation plan; continuity of government; war plan; emergency response,3173
0341_related_q003_Emergency_Continuity_and_Engagement_Proc.rtf,rtf,application/rtf,True,3,Top Secret,Emergency Continuity and Engagement Procedures,FCT-2026-655E85,mobilization plan; evacuation plan; battle plan; contingency plan; continuity of government; defense strategy; war plan; military doctrine,2310
0342_related_q013_Government_Operations_Disruption_Report.xlsx,xlsx,application/vnd.openxmlformats-officedocument.spreadsheetml.sheet,True,13,Secret,Government Operations Disruption Report,FCT-2026-A0FB83,system failure; business continuity; operational disruption; disaster recovery; emergency operations; government shutdown; cyber attack; service outage,7195
0343_unrelated_q110_Volunteer_Greening_Day_Plan.xml,xml,text/xml,False,,Public,Volunteer Greening Day Plan,FCT-2026-CF80AE,recycling bins; irrigation hose; community garden; tree planting,1715
0344_unrelated_q103_Employee_Wellness_Newsletter.log,log,text/log,False,,Public,Employee Wellness Newsletter,FCT-2026-B3363C,step challenge; yoga session; ergonomic chair; hydration tips,1443
0345_related_q006_National_Reputation_Risk_Watchlist.tsv,tsv,text/tab-separated-values,True,6,Top Secret,National Reputation Risk Watchlist,FCT-2026-BBC5CC,diplomatic crisis; international criticism; bribery; corruption; money laundering; sanctions; human rights violation; censorship,626
0346_unrelated_q108_Procurement_Stationery_Order.svg,svg,image/svg+xml,False,,Internal,Procurement Stationery Order,FCT-2026-C45DDC,whiteboard markers; toner cartridge; sticky notes; notebooks,710
0347_related_q012_Export_Continuity_Advisory.docx,docx,application/vnd.openxmlformats-officedocument.wordprocessingml.document,True,12,Secret,Export Continuity Advisory,FCT-2026-A08E64,export restriction; trade barrier; shipping disruption; port closure; trade embargo; customs restriction; sanctions; export decline,37911
0348_unrelated_q106_Library_Acquisition_List.md,md,text/markdown,False,,Public,Library Acquisition List,FCT-2026-A42CAE,reading club; fiction collection; cataloguing; interlibrary loan,2034
0349_unrelated_q106_Library_Acquisition_List.mht,mht,multipart/related,False,,Public,Library Acquisition List,FCT-2026-750FDD,interlibrary loan; cataloguing; fiction collection; reading club,2073
0350_related_q004_Cryptographic_Key_Custody_Log.csv,csv,text/csv,True,4,Top Secret,Cryptographic Key Custody Log,FCT-2026-998727,private key; RSA; root certificate; PKI; certificate authority; TLS certificate; ECC; cryptographic key,942
0351_related_q009_Labor_Market_Stability_Brief.json,json,application/json,True,9,Secret,Labor Market Stability Brief,FCT-2026-6277F9,Saudization; workforce reduction; unemployment; employment crisis; wage reduction; Nitaqat; recruitment freeze; mass layoff,2498
0352_unrelated_q110_Volunteer_Greening_Day_Plan.txt,txt,text/plain,False,,Public,Volunteer Greening Day Plan,FCT-2026-E36377,community garden; irrigation hose; recycling bins; tree planting,1909
0353_unrelated_q107_Sports_Club_Training_Roster.zip,zip,application/zip,False,,Public,Sports Club Training Roster,FCT-2026-200564,coach notes; attendance sheet; football drills; injury recovery,1147
0354_unrelated_q105_Marketing_Campaign_Retro.eml,eml,message/rfc822,False,,Internal,Marketing Campaign Retro,FCT-2026-67346B,brand awareness; newsletter open rate; click-through rate; social media post,2255
0355_related_q003_Emergency_Continuity_and_Engagement_Proc.pdf,pdf,application/pdf,True,3,Top Secret,Emergency Continuity and Engagement Procedures,FCT-2026-76CAFB,evacuation plan; battle plan; command structure; contingency plan; rules of engagement; war plan; military doctrine; continuity of government,4409
0356_related_q011_International_Commercial_Partnership_Sum.pptx,pptx,application/vnd.openxmlformats-officedocument.presentationml.presentation,True,11,Secret,International Commercial Partnership Summary,FCT-2026-7AB77A,strategic partnership; technology transfer; foreign investment; investment agreement; commercial agreement; sovereign investment; strategic supplier; joint venture,30379
0357_related_q011_International_Commercial_Partnership_Sum.html,html,text/html,True,11,Secret,International Commercial Partnership Summary,FCT-2026-4736B8,technology transfer; strategic partnership; joint venture; commercial agreement; foreign investment; investment agreement; strategic supplier; sovereign investment,3212
0358_related_q004_Cryptographic_Key_Custody_Log.rtf,rtf,application/rtf,True,4,Top Secret,Cryptographic Key Custody Log,FCT-2026-4689E5,PKI; ECC; VPN key; TLS certificate; AES; RSA; private key; root certificate,2096
0359_unrelated_q106_Library_Acquisition_List.xlsx,xlsx,application/vnd.openxmlformats-officedocument.spreadsheetml.sheet,False,,Public,Library Acquisition List,FCT-2026-13BCCF,cataloguing; fiction collection; reading club; interlibrary loan,6802
0360_unrelated_q110_Volunteer_Greening_Day_Plan.xml,xml,text/xml,False,,Public,Volunteer Greening Day Plan,FCT-2026-574854,tree planting; irrigation hose; community garden; recycling bins,1713
0361_related_q013_Government_Operations_Disruption_Report.log,log,text/log,True,13,Secret,Government Operations Disruption Report,FCT-2026-21E0CA,business continuity; government shutdown; operational disruption; service outage; disaster recovery; emergency operations; cyber attack; system failure,1976
0362_related_q012_Export_Continuity_Advisory.tsv,tsv,text/tab-separated-values,True,12,Secret,Export Continuity Advisory,FCT-2026-EE66B5,shipping disruption; trade barrier; customs restriction; port closure; export restriction; export decline; sanctions; trade embargo,615
0363_unrelated_q104_Facilities_Maintenance_Schedule.svg,svg,image/svg+xml,False,,Internal,Facilities Maintenance Schedule,FCT-2026-A2003A,lighting upgrade; parking lot paint; HVAC filter; elevator inspection,727
0364_unrelated_q103_Employee_Wellness_Newsletter.docx,docx,application/vnd.openxmlformats-officedocument.wordprocessingml.document,False,,Public,Employee Wellness Newsletter,FCT-2026-C98137,hydration tips; yoga session; ergonomic chair; step challenge,37716
0365_related_q012_Export_Continuity_Advisory.md,md,text/markdown,True,12,Secret,Export Continuity Advisory,FCT-2026-72D28E,export decline; sanctions; customs restriction; trade embargo; trade barrier; port closure; export restriction; shipping disruption,2651
0366_related_q008_Diplomatic_Negotiation_Status_Memo.mht,mht,multipart/related,True,8,Secret,Diplomatic Negotiation Status Memo,FCT-2026-014197,diplomatic note; diplomatic cable; treaty; strategic partnership; bilateral agreement; embassy; foreign ministry; MOU,2758
0367_unrelated_q106_Library_Acquisition_List.csv,csv,text/csv,False,,Public,Library Acquisition List,FCT-2026-0A8B1F,reading club; cataloguing; fiction collection; interlibrary loan,706
0368_unrelated_q106_Library_Acquisition_List.json,json,application/json,False,,Public,Library Acquisition List,FCT-2026-A8CE82,interlibrary loan; cataloguing; fiction collection; reading club,1994
0369_unrelated_q102_IT_Helpdesk_Ticket_Summary.txt,txt,text/plain,False,,Internal,IT Helpdesk Ticket Summary,FCT-2026-020148,VPN latency; password reset; printer jam; laptop docking,1911
0370_related_q014_Strategic_Warehouse_and_Logistics_Reserv.zip,zip,application/zip,True,14,Secret,Strategic Warehouse and Logistics Reserve Register,FCT-2026-028719,fuel depot; logistics center; emergency stockpile; storage facility; inventory reserve; warehouse; strategic reserve; supply depot,1389
0371_unrelated_q106_Library_Acquisition_List.eml,eml,message/rfc822,False,,Public,Library Acquisition List,FCT-2026-116D6B,interlibrary loan; fiction collection; reading club; cataloguing,2244
0372_unrelated_q103_Employee_Wellness_Newsletter.pdf,pdf,application/pdf,False,,Public,Employee Wellness Newsletter,FCT-2026-C1B111,hydration tips; ergonomic chair; step challenge; yoga session,4085
0373_unrelated_q110_Volunteer_Greening_Day_Plan.pptx,pptx,application/vnd.openxmlformats-officedocument.presentationml.presentation,False,,Public,Volunteer Greening Day Plan,FCT-2026-7228AF,tree planting; recycling bins; community garden; irrigation hose,30224
0374_related_q007_Counter-Terrorism_Threat_Digest.html,html,text/html,True,7,Top Secret,Counter-Terrorism Threat Digest,FCT-2026-0CE90E,suicide attack; violent extremism; hostage; attack plan; Al-Qaeda; ISIS; Daesh; VBIED,2991
0375_unrelated_q106_Library_Acquisition_List.rtf,rtf,application/rtf,False,,Public,Library Acquisition List,FCT-2026-37DCE3,reading club; interlibrary loan; fiction collection; cataloguing,1631
0376_related_q009_Labor_Market_Stability_Brief.xlsx,xlsx,application/vnd.openxmlformats-officedocument.spreadsheetml.sheet,True,9,Secret,Labor Market Stability Brief,FCT-2026-11DD1D,Saudization; unemployment; wage reduction; labor shortage; mass layoff; workforce reduction; Nitaqat; recruitment freeze,7180
0377_unrelated_q101_Office_Cafeteria_Weekly_Menu.xml,xml,text/xml,False,,Public,Office Cafeteria Weekly Menu,FCT-2026-646A68,vegetarian option; coffee station; dessert bar; lunch special,1713
0378_unrelated_q107_Sports_Club_Training_Roster.log,log,text/log,False,,Public,Sports Club Training Roster,FCT-2026-E2DAE8,football drills; attendance sheet; coach notes; injury recovery,1424
0379_related_q002_Force_and_VIP_Movement_Coordination_Note.tsv,tsv,text/tab-separated-values,True,2,Top Secret,Force and VIP Movement Coordination Note,FCT-2026-BD242E,National Guard; operational route; patrol route; VIP movement; military exercise; motorcade; convoy; escort,616
0380_unrelated_q107_Sports_Club_Training_Roster.svg,svg,image/svg+xml,False,,Public,Sports Club Training Roster,FCT-2026-F6C236,attendance sheet; injury recovery; football drills; coach notes,708
0381_related_q013_Government_Operations_Disruption_Report.docx,docx,application/vnd.openxmlformats-officedocument.wordprocessingml.document,True,13,Secret,Government Operations Disruption Report,FCT-2026-4E2927,operational disruption; disaster recovery; cyber attack; business continuity; government shutdown; system failure; emergency operations; service outage,37929
0382_unrelated_q106_Library_Acquisition_List.md,md,text/markdown,False,,Public,Library Acquisition List,FCT-2026-04AC06,reading club; fiction collection; cataloguing; interlibrary loan,2017
0383_unrelated_q109_Weather_Outlook_for_Field_Picnic.mht,mht,multipart/related,False,,Public,Weather Outlook for Field Picnic,FCT-2026-434383,light breeze; picnic blankets; UV index; sunny intervals,2085
0384_related_q004_Cryptographic_Key_Custody_Log.csv,csv,text/csv,True,4,Top Secret,Cryptographic Key Custody Log,FCT-2026-153BCF,certificate authority; key management; cryptographic key; private key; root certificate; HSM; AES; PKI,950
0385_related_q001_Restricted_Defense_Asset_Inventory_Brief.json,json,application/json,True,1,Top Secret,Restricted Defense Asset Inventory Brief,FCT-2026-701227,weapons cache; UAV; Ministry of Defense; ammunition depot; military base; armory; explosives; missile,2487
0386_related_q003_Emergency_Continuity_and_Engagement_Proc.txt,txt,text/plain,True,3,Top Secret,Emergency Continuity and Engagement Procedures,FCT-2026-470FB2,war plan; mobilization plan; defense strategy; contingency plan; rules of engagement; command structure; continuity of government; evacuation plan,2629
0387_related_q012_Export_Continuity_Advisory.zip,zip,application/zip,True,12,Secret,Export Continuity Advisory,FCT-2026-E75A2C,export restriction; export decline; trade embargo; trade barrier; shipping disruption; customs restriction; port closure; sanctions,1364
0388_unrelated_q105_Marketing_Campaign_Retro.eml,eml,message/rfc822,False,,Internal,Marketing Campaign Retro,FCT-2026-3B06C0,social media post; newsletter open rate; brand awareness; click-through rate,2257
0389_unrelated_q105_Marketing_Campaign_Retro.pdf,pdf,application/pdf,False,,Internal,Marketing Campaign Retro,FCT-2026-F0C992,newsletter open rate; social media post; click-through rate; brand awareness,4129
0390_unrelated_q104_Facilities_Maintenance_Schedule.pptx,pptx,application/vnd.openxmlformats-officedocument.presentationml.presentation,False,,Internal,Facilities Maintenance Schedule,FCT-2026-699660,lighting upgrade; HVAC filter; parking lot paint; elevator inspection,30233
0391_unrelated_q104_Facilities_Maintenance_Schedule.html,html,text/html,False,,Internal,Facilities Maintenance Schedule,FCT-2026-5DACA0,HVAC filter; parking lot paint; elevator inspection; lighting upgrade,2393
0392_unrelated_q108_Procurement_Stationery_Order.rtf,rtf,application/rtf,False,,Internal,Procurement Stationery Order,FCT-2026-322071,toner cartridge; notebooks; sticky notes; whiteboard markers,1616
0393_related_q015_Vital_National_Installation_Status_Sheet.xlsx,xlsx,application/vnd.openxmlformats-officedocument.spreadsheetml.sheet,True,15,Secret,Vital National Installation Status Sheet,FCT-2026-0CCEFC,seaport; power station; military base; airport; command center; government facility; oil refinery; telecom exchange,7163
0394_related_q010_Strategic_Resource_Outlook.xml,xml,text/xml,True,10,Secret,Strategic Resource Outlook,FCT-2026-27AE6F,mining; resource depletion; commodity price; production quota; OPEC; natural gas; Brent; oil reserve,2069
0395_unrelated_q105_Marketing_Campaign_Retro.log,log,text/log,False,,Internal,Marketing Campaign Retro,FCT-2026-EF9B2C,newsletter open rate; click-through rate; social media post; brand awareness,1451
0396_related_q012_Export_Continuity_Advisory.tsv,tsv,text/tab-separated-values,True,12,Secret,Export Continuity Advisory,FCT-2026-549FA2,export decline; customs restriction; trade barrier; trade embargo; shipping disruption; sanctions; port closure; export restriction,608
0397_unrelated_q104_Facilities_Maintenance_Schedule.svg,svg,image/svg+xml,False,,Internal,Facilities Maintenance Schedule,FCT-2026-9ED05D,lighting upgrade; parking lot paint; HVAC filter; elevator inspection,727
0398_unrelated_q102_IT_Helpdesk_Ticket_Summary.docx,docx,application/vnd.openxmlformats-officedocument.wordprocessingml.document,False,,Internal,IT Helpdesk Ticket Summary,FCT-2026-09BB52,VPN latency; printer jam; password reset; laptop docking,37715
0399_related_q006_National_Reputation_Risk_Watchlist.md,md,text/markdown,True,6,Top Secret,National Reputation Risk Watchlist,FCT-2026-BBF74B,sanctions; human rights violation; censorship; scandal; diplomatic crisis; money laundering; media exposure; corruption,2651
0400_unrelated_q104_Facilities_Maintenance_Schedule.mht,mht,multipart/related,False,,Internal,Facilities Maintenance Schedule,FCT-2026-1BCE43,elevator inspection; parking lot paint; HVAC filter; lighting upgrade,2111
0401_related_q002_Force_and_VIP_Movement_Coordination_Note.csv,csv,text/csv,True,2,Top Secret,Force and VIP Movement Coordination Note,FCT-2026-754E0C,deployment; troop movement; military exercise; operational route; patrol route; VIP movement; mobilization; escort,967
0402_related_q002_Force_and_VIP_Movement_Coordination_Note.json,json,application/json,True,2,Top Secret,Force and VIP Movement Coordination Note,FCT-2026-EA4CFD,military exercise; mobilization; motorcade; deployment; patrol route; VIP movement; Royal Guard; convoy,2482
0403_unrelated_q101_Office_Cafeteria_Weekly_Menu.txt,txt,text/plain,False,,Public,Office Cafeteria Weekly Menu,FCT-2026-2B73AE,coffee station; vegetarian option; lunch special; dessert bar,1939
0404_related_q004_Cryptographic_Key_Custody_Log.zip,zip,application/zip,True,4,Top Secret,Cryptographic Key Custody Log,FCT-2026-268BA4,secret key; TLS certificate; root certificate; ECC; private key; RSA; key management; PKI,1345
0405_related_q001_Restricted_Defense_Asset_Inventory_Brief.eml,eml,message/rfc822,True,1,Top Secret,Restricted Defense Asset Inventory Brief,FCT-2026-F710E4,fighter aircraft; UAV; Ministry of Defense; ballistic missile; tank; armory; drone; artillery,2834
0406_related_q011_International_Commercial_Partnership_Sum.pdf,pdf,application/pdf,True,11,Secret,International Commercial Partnership Summary,FCT-2026-62FD4F,joint venture; foreign investment; commercial agreement; strategic partnership; technology transfer; sovereign investment; strategic supplier; investment agreement,4373
0407_related_q010_Strategic_Resource_Outlook.pptx,pptx,application/vnd.openxmlformats-officedocument.presentationml.presentation,True,10,Secret,Strategic Resource Outlook,FCT-2026-7CCBE7,Brent; production quota; resource depletion; petroleum exports; oil reserve; natural gas; commodity price; OPEC,30357
0408_related_q003_Emergency_Continuity_and_Engagement_Proc.html,html,text/html,True,3,Top Secret,Emergency Continuity and Engagement Procedures,FCT-2026-8D7070,evacuation plan; command structure; mobilization plan; continuity of government; defense strategy; contingency plan; war plan; battle plan,3165
0409_related_q007_Counter-Terrorism_Threat_Digest.rtf,rtf,application/rtf,True,7,Top Secret,Counter-Terrorism Threat Digest,FCT-2026-FFE27E,hostage; terrorist; VBIED; suicide attack; Daesh; terrorism; ISIS; IED,2108
0410_related_q012_Export_Continuity_Advisory.xlsx,xlsx,application/vnd.openxmlformats-officedocument.spreadsheetml.sheet,True,12,Secret,Export Continuity Advisory,FCT-2026-80F4F0,port closure; export decline; shipping disruption; export restriction; trade barrier; customs restriction; sanctions; trade embargo,7164
0411_unrelated_q105_Marketing_Campaign_Retro.xml,xml,text/xml,False,,Internal,Marketing Campaign Retro,FCT-2026-610544,social media post; newsletter open rate; click-through rate; brand awareness,1734
0412_unrelated_q102_IT_Helpdesk_Ticket_Summary.log,log,text/log,False,,Internal,IT Helpdesk Ticket Summary,FCT-2026-4E4355,laptop docking; printer jam; VPN latency; password reset,1436
0413_related_q001_Restricted_Defense_Asset_Inventory_Brief.tsv,tsv,text/tab-separated-values,True,1,Top Secret,Restricted Defense Asset Inventory Brief,FCT-2026-87A2E5,air defense; Royal Saudi Air Force; arsenal; fighter aircraft; military base; missile; weapons cache; drone,619
0414_unrelated_q101_Office_Cafeteria_Weekly_Menu.svg,svg,image/svg+xml,False,,Public,Office Cafeteria Weekly Menu,FCT-2026-11A563,dessert bar; vegetarian option; coffee station; lunch special,714
0415_related_q002_Force_and_VIP_Movement_Coordination_Note.docx,docx,application/vnd.openxmlformats-officedocument.wordprocessingml.document,True,2,Top Secret,Force and VIP Movement Coordination Note,FCT-2026-106AB3,VIP movement; military exercise; mobilization; deployment; escort; convoy; operational route; Royal Guard,37939
0416_unrelated_q103_Employee_Wellness_Newsletter.md,md,text/markdown,False,,Public,Employee Wellness Newsletter,FCT-2026-E4DAA3,hydration tips; ergonomic chair; yoga session; step challenge,2021
0417_related_q007_Counter-Terrorism_Threat_Digest.mht,mht,multipart/related,True,7,Top Secret,Counter-Terrorism Threat Digest,FCT-2026-D2574B,suicide attack; ISIS; radicalization; Daesh; extremist; attack plan; Al-Qaeda; terrorist,2642
0418_related_q002_Force_and_VIP_Movement_Coordination_Note.csv,csv,text/csv,True,2,Top Secret,Force and VIP Movement Coordination Note,FCT-2026-5DBB18,convoy; operational route; troop movement; Royal Guard; patrol route; escort; National Guard; military exercise,946
0419_related_q014_Strategic_Warehouse_and_Logistics_Reserv.json,json,application/json,True,14,Secret,Strategic Warehouse and Logistics Reserve Register,FCT-2026-98A929,emergency stockpile; supply depot; logistics center; fuel depot; warehouse; inventory reserve; storage facility; strategic reserve,2549
0420_unrelated_q110_Volunteer_Greening_Day_Plan.txt,txt,text/plain,False,,Public,Volunteer Greening Day Plan,FCT-2026-8F1607,community garden; irrigation hose; tree planting; recycling bins,1919
0421_unrelated_q106_Library_Acquisition_List.zip,zip,application/zip,False,,Public,Library Acquisition List,FCT-2026-14434F,fiction collection; reading club; interlibrary loan; cataloguing,1137
0422_related_q004_Cryptographic_Key_Custody_Log.eml,eml,message/rfc822,True,4,Top Secret,Cryptographic Key Custody Log,FCT-2026-7C5CEA,PKI; key management; RSA; TLS certificate; private key; root certificate; VPN key; secret key,2794
0423_unrelated_q108_Procurement_Stationery_Order.pdf,pdf,application/pdf,False,,Internal,Procurement Stationery Order,FCT-2026-58BE6E,toner cartridge; whiteboard markers; sticky notes; notebooks,4043
0424_unrelated_q105_Marketing_Campaign_Retro.pptx,pptx,application/vnd.openxmlformats-officedocument.presentationml.presentation,False,,Internal,Marketing Campaign Retro,FCT-2026-A85510,click-through rate; brand awareness; social media post; newsletter open rate,30236
0425_related_q007_Counter-Terrorism_Threat_Digest.html,html,text/html,True,7,Top Secret,Counter-Terrorism Threat Digest,FCT-2026-1A56C9,violent extremism; attack plan; VBIED; radicalization; Daesh; suicide attack; bomb; terrorist,2982
0426_unrelated_q107_Sports_Club_Training_Roster.rtf,rtf,application/rtf,False,,Public,Sports Club Training Roster,FCT-2026-67CE0A,attendance sheet; coach notes; football drills; injury recovery,1617
0427_related_q015_Vital_National_Installation_Status_Sheet.xlsx,xlsx,application/vnd.openxmlformats-officedocument.spreadsheetml.sheet,True,15,Secret,Vital National Installation Status Sheet,FCT-2026-4004A7,telecom exchange; power station; command center; substation; military base; desalination plant; seaport; airport,7172
0428_unrelated_q103_Employee_Wellness_Newsletter.xml,xml,text/xml,False,,Public,Employee Wellness Newsletter,FCT-2026-B5B56C,step challenge; hydration tips; yoga session; ergonomic chair,1728
0429_unrelated_q103_Employee_Wellness_Newsletter.log,log,text/log,False,,Public,Employee Wellness Newsletter,FCT-2026-7B8470,ergonomic chair; step challenge; hydration tips; yoga session,1447
0430_related_q013_Government_Operations_Disruption_Report.tsv,tsv,text/tab-separated-values,True,13,Secret,Government Operations Disruption Report,FCT-2026-751AC5,system failure; disaster recovery; operational disruption; government shutdown; service outage; emergency operations; business continuity; cyber attack,660
0431_related_q003_Emergency_Continuity_and_Engagement_Proc.svg,svg,image/svg+xml,True,3,Top Secret,Emergency Continuity and Engagement Procedures,FCT-2026-B914D0,mobilization plan; military doctrine; evacuation plan; battle plan; contingency plan; rules of engagement; continuity of government; war plan,813
0432_related_q008_Diplomatic_Negotiation_Status_Memo.docx,docx,application/vnd.openxmlformats-officedocument.wordprocessingml.document,True,8,Secret,Diplomatic Negotiation Status Memo,FCT-2026-A44AF5,strategic partnership; classified negotiation; diplomatic cable; MOU; bilateral agreement; treaty; diplomatic note; foreign ministry,37915
0433_unrelated_q109_Weather_Outlook_for_Field_Picnic.md,md,text/markdown,False,,Public,Weather Outlook for Field Picnic,FCT-2026-EE41E4,sunny intervals; UV index; picnic blankets; light breeze,2027
0434_unrelated_q102_IT_Helpdesk_Ticket_Summary.mht,mht,multipart/related,False,,Internal,IT Helpdesk Ticket Summary,FCT-2026-FBD82E,laptop docking; password reset; VPN latency; printer jam,2054
0435_related_q008_Diplomatic_Negotiation_Status_Memo.csv,csv,text/csv,True,8,Secret,Diplomatic Negotiation Status Memo,FCT-2026-0549F0,classified negotiation; embassy; treaty; foreign ministry; consulate; bilateral agreement; diplomatic cable; strategic partnership,964
0436_unrelated_q102_IT_Helpdesk_Ticket_Summary.json,json,application/json,False,,Internal,IT Helpdesk Ticket Summary,FCT-2026-6509BB,VPN latency; password reset; laptop docking; printer jam,1980
0437_related_q015_Vital_National_Installation_Status_Sheet.txt,txt,text/plain,True,15,Secret,Vital National Installation Status Sheet,FCT-2026-32AF85,airport; seaport; substation; oil refinery; desalination plant; command center; power station; government facility,2517
0438_unrelated_q105_Marketing_Campaign_Retro.zip,zip,application/zip,False,,Internal,Marketing Campaign Retro,FCT-2026-1FD453,social media post; newsletter open rate; brand awareness; click-through rate,1166
0439_unrelated_q110_Volunteer_Greening_Day_Plan.eml,eml,message/rfc822,False,,Public,Volunteer Greening Day Plan,FCT-2026-3D93A3,irrigation hose; tree planting; community garden; recycling bins,2235
0440_related_q002_Force_and_VIP_Movement_Coordination_Note.pdf,pdf,application/pdf,True,2,Top Secret,Force and VIP Movement Coordination Note,FCT-2026-2B181F,operational route; National Guard; military exercise; Royal Guard; mobilization; troop movement; convoy; motorcade,4362
0441_unrelated_q110_Volunteer_Greening_Day_Plan.pptx,pptx,application/vnd.openxmlformats-officedocument.presentationml.presentation,False,,Public,Volunteer Greening Day Plan,FCT-2026-DBDF42,tree planting; irrigation hose; recycling bins; community garden,30225
0442_related_q006_National_Reputation_Risk_Watchlist.html,html,text/html,True,6,Top Secret,National Reputation Risk Watchlist,FCT-2026-2E4952,diplomatic crisis; bribery; money laundering; sanctions; international criticism; scandal; corruption; media exposure,3041
0443_related_q014_Strategic_Warehouse_and_Logistics_Reserv.rtf,rtf,application/rtf,True,14,Secret,Strategic Warehouse and Logistics Reserve Register,FCT-2026-2C92F3,warehouse; supply depot; fuel depot; emergency stockpile; strategic reserve; storage facility; inventory reserve; logistics center,2273
0444_unrelated_q109_Weather_Outlook_for_Field_Picnic.xlsx,xlsx,application/vnd.openxmlformats-officedocument.spreadsheetml.sheet,False,,Public,Weather Outlook for Field Picnic,FCT-2026-AC20B3,picnic blankets; UV index; sunny intervals; light breeze,6826
0445_unrelated_q102_IT_Helpdesk_Ticket_Summary.xml,xml,text/xml,False,,Internal,IT Helpdesk Ticket Summary,FCT-2026-C6FE77,VPN latency; password reset; laptop docking; printer jam,1721
0446_related_q014_Strategic_Warehouse_and_Logistics_Reserv.log,log,text/log,True,14,Secret,Strategic Warehouse and Logistics Reserve Register,FCT-2026-064F99,fuel depot; supply depot; storage facility; strategic reserve; logistics center; warehouse; emergency stockpile; inventory reserve,1986
0447_related_q014_Strategic_Warehouse_and_Logistics_Reserv.tsv,tsv,text/tab-separated-values,True,14,Secret,Strategic Warehouse and Logistics Reserve Register,FCT-2026-F3C2F6,inventory reserve; warehouse; logistics center; strategic reserve; supply depot; storage facility; emergency stockpile; fuel depot,660
0448_related_q001_Restricted_Defense_Asset_Inventory_Brief.svg,svg,image/svg+xml,True,1,Top Secret,Restricted Defense Asset Inventory Brief,FCT-2026-14DD47,ballistic missile; drone; explosives; tank; artillery; armory; air defense; military base,763
0449_unrelated_q107_Sports_Club_Training_Roster.docx,docx,application/vnd.openxmlformats-officedocument.wordprocessingml.document,False,,Public,Sports Club Training Roster,FCT-2026-DDD2AC,injury recovery; attendance sheet; football drills; coach notes,37712
0450_related_q007_Counter-Terrorism_Threat_Digest.md,md,text/markdown,True,7,Top Secret,Counter-Terrorism Threat Digest,FCT-2026-5B1B2D,attack plan; terrorism; violent extremism; ISIS; Al-Qaeda; bomb; VBIED; IED,2563
0451_related_q005_Critical_Infrastructure_Resilience_Bulle.mht,mht,multipart/related,True,5,Top Secret,Critical Infrastructure Resilience Bulletin,FCT-2026-E96E0A,blackout; power grid; refinery; telecommunications outage; airport shutdown; critical infrastructure; pipeline; seaport,2777
0452_related_q005_Critical_Infrastructure_Resilience_Bulle.csv,csv,text/csv,True,5,Top Secret,Critical Infrastructure Resilience Bulletin,FCT-2026-EF4103,gas plant; ICS; critical infrastructure; pipeline; seaport; telecommunications outage; oil production; power grid,955
0453_related_q001_Restricted_Defense_Asset_Inventory_Brief.json,json,application/json,True,1,Top Secret,Restricted Defense Asset Inventory Brief,FCT-2026-422B2D,explosives; fighter aircraft; artillery; Royal Saudi Air Force; UAV; ammunition depot; ballistic missile; Ministry of Defense,2508
0454_unrelated_q102_IT_Helpdesk_Ticket_Summary.txt,txt,text/plain,False,,Internal,IT Helpdesk Ticket Summary,FCT-2026-BCC18B,printer jam; password reset; laptop docking; VPN latency,1916
0455_related_q013_Government_Operations_Disruption_Report.zip,zip,application/zip,True,13,Secret,Government Operations Disruption Report,FCT-2026-588941,service outage; operational disruption; disaster recovery; cyber attack; emergency operations; business continuity; system failure; government shutdown,1403
0456_related_q001_Restricted_Defense_Asset_Inventory_Brief.eml,eml,message/rfc822,True,1,Top Secret,Restricted Defense Asset Inventory Brief,FCT-2026-D446C7,explosives; Ministry of Defense; arsenal; Royal Saudi Air Force; air defense; drone; ballistic missile; ammunition depot,2912
0457_related_q011_International_Commercial_Partnership_Sum.pdf,pdf,application/pdf,True,11,Secret,International Commercial Partnership Summary,FCT-2026-DD7DCB,strategic supplier; commercial agreement; strategic partnership; sovereign investment; foreign investment; investment agreement; joint venture; technology transfer,4425
0458_related_q010_Strategic_Resource_Outlook.pptx,pptx,application/vnd.openxmlformats-officedocument.presentationml.presentation,True,10,Secret,Strategic Resource Outlook,FCT-2026-B01FF8,commodity price; resource depletion; natural gas; mining; Brent; production quota; crude oil; oil reserve,30344
0459_related_q004_Cryptographic_Key_Custody_Log.html,html,text/html,True,4,Top Secret,Cryptographic Key Custody Log,FCT-2026-C8B7CF,ECC; PKI; cryptographic key; VPN key; secret key; root certificate; TLS certificate; certificate authority,2977
0460_related_q012_Export_Continuity_Advisory.rtf,rtf,application/rtf,True,12,Secret,Export Continuity Advisory,FCT-2026-F2425F,sanctions; trade barrier; export restriction; customs restriction; trade embargo; export decline; port closure; shipping disruption,2230
0461_unrelated_q110_Volunteer_Greening_Day_Plan.xlsx,xlsx,application/vnd.openxmlformats-officedocument.spreadsheetml.sheet,False,,Public,Volunteer Greening Day Plan,FCT-2026-600C3C,community garden; tree planting; irrigation hose; recycling bins,6840
0462_unrelated_q102_IT_Helpdesk_Ticket_Summary.xml,xml,text/xml,False,,Internal,IT Helpdesk Ticket Summary,FCT-2026-3F33AB,VPN latency; password reset; printer jam; laptop docking,1716
0463_unrelated_q101_Office_Cafeteria_Weekly_Menu.log,log,text/log,False,,Public,Office Cafeteria Weekly Menu,FCT-2026-4BB3E8,vegetarian option; lunch special; coffee station; dessert bar,1435
0464_unrelated_q109_Weather_Outlook_for_Field_Picnic.tsv,tsv,text/tab-separated-values,False,,Public,Weather Outlook for Field Picnic,FCT-2026-1A163A,light breeze; UV index; sunny intervals; picnic blankets,545
0465_unrelated_q101_Office_Cafeteria_Weekly_Menu.svg,svg,image/svg+xml,False,,Public,Office Cafeteria Weekly Menu,FCT-2026-DA75C5,coffee station; vegetarian option; dessert bar; lunch special,714
0466_unrelated_q106_Library_Acquisition_List.docx,docx,application/vnd.openxmlformats-officedocument.wordprocessingml.document,False,,Public,Library Acquisition List,FCT-2026-EC772D,cataloguing; reading club; fiction collection; interlibrary loan,37726
0467_unrelated_q109_Weather_Outlook_for_Field_Picnic.md,md,text/markdown,False,,Public,Weather Outlook for Field Picnic,FCT-2026-A1FD09,sunny intervals; picnic blankets; UV index; light breeze,2026
0468_related_q009_Labor_Market_Stability_Brief.mht,mht,multipart/related,True,9,Secret,Labor Market Stability Brief,FCT-2026-B2F667,employment crisis; mass layoff; recruitment freeze; wage reduction; unemployment; workforce reduction; Saudization; labor shortage,2754
0469_related_q007_Counter-Terrorism_Threat_Digest.csv,csv,text/csv,True,7,Top Secret,Counter-Terrorism Threat Digest,FCT-2026-E3D20B,ISIS; Daesh; suicide attack; terrorism; radicalization; terrorist; bomb; extremist,896
0470_unrelated_q109_Weather_Outlook_for_Field_Picnic.json,json,application/json,False,,Public,Weather Outlook for Field Picnic,FCT-2026-FB8EC6,picnic blankets; sunny intervals; UV index; light breeze,2001
0471_unrelated_q107_Sports_Club_Training_Roster.txt,txt,text/plain,False,,Public,Sports Club Training Roster,FCT-2026-57BA9E,injury recovery; football drills; coach notes; attendance sheet,1938
0472_related_q008_Diplomatic_Negotiation_Status_Memo.zip,zip,application/zip,True,8,Secret,Diplomatic Negotiation Status Memo,FCT-2026-E62497,classified negotiation; treaty; MOU; diplomatic cable; foreign ministry; bilateral agreement; diplomatic note; consulate,1366
0473_unrelated_q106_Library_Acquisition_List.eml,eml,message/rfc822,False,,Public,Library Acquisition List,FCT-2026-430EB6,cataloguing; fiction collection; interlibrary loan; reading club,2252
0474_unrelated_q104_Facilities_Maintenance_Schedule.pdf,pdf,application/pdf,False,,Internal,Facilities Maintenance Schedule,FCT-2026-F3E328,elevator inspection; lighting upgrade; HVAC filter; parking lot paint,4039
0475_related_q009_Labor_Market_Stability_Brief.pptx,pptx,application/vnd.openxmlformats-officedocument.presentationml.presentation,True,9,Secret,Labor Market Stability Brief,FCT-2026-0A6FFD,mass layoff; workforce reduction; employment crisis; wage reduction; labor shortage; recruitment freeze; Nitaqat; Saudization,30363
0476_related_q014_Strategic_Warehouse_and_Logistics_Reserv.html,html,text/html,True,14,Secret,Strategic Warehouse and Logistics Reserve Register,FCT-2026-008A58,storage facility; emergency stockpile; logistics center; warehouse; strategic reserve; supply depot; fuel depot; inventory reserve,3148
0477_related_q006_National_Reputation_Risk_Watchlist.rtf,rtf,application/rtf,True,6,Top Secret,National Reputation Risk Watchlist,FCT-2026-7B71CB,human rights violation; money laundering; corruption; diplomatic crisis; sanctions; media exposure; international criticism; scandal,2271
0478_related_q003_Emergency_Continuity_and_Engagement_Proc.xlsx,xlsx,application/vnd.openxmlformats-officedocument.spreadsheetml.sheet,True,3,Top Secret,Emergency Continuity and Engagement Procedures,FCT-2026-7CCF44,war plan; battle plan; mobilization plan; emergency response; defense strategy; command structure; continuity of government; evacuation plan,7206
0479_unrelated_q105_Marketing_Campaign_Retro.xml,xml,text/xml,False,,Internal,Marketing Campaign Retro,FCT-2026-88693B,click-through rate; newsletter open rate; brand awareness; social media post,1748
0480_unrelated_q102_IT_Helpdesk_Ticket_Summary.log,log,text/log,False,,Internal,IT Helpdesk Ticket Summary,FCT-2026-183899,printer jam; password reset; laptop docking; VPN latency,1433
0481_unrelated_q110_Volunteer_Greening_Day_Plan.tsv,tsv,text/tab-separated-values,False,,Public,Volunteer Greening Day Plan,FCT-2026-B4F256,recycling bins; tree planting; irrigation hose; community garden,533
0482_unrelated_q102_IT_Helpdesk_Ticket_Summary.svg,svg,image/svg+xml,False,,Internal,IT Helpdesk Ticket Summary,FCT-2026-CD02C5,printer jam; laptop docking; password reset; VPN latency,705
0483_related_q004_Cryptographic_Key_Custody_Log.docx,docx,application/vnd.openxmlformats-officedocument.wordprocessingml.document,True,4,Top Secret,Cryptographic Key Custody Log,FCT-2026-F7199E,certificate authority; ECC; secret key; RSA; private key; VPN key; key management; root certificate,37931
0484_unrelated_q110_Volunteer_Greening_Day_Plan.md,md,text/markdown,False,,Public,Volunteer Greening Day Plan,FCT-2026-D49912,recycling bins; irrigation hose; tree planting; community garden,2027
0485_related_q011_International_Commercial_Partnership_Sum.mht,mht,multipart/related,True,11,Secret,International Commercial Partnership Summary,FCT-2026-FB63B6,sovereign investment; foreign investment; strategic supplier; technology transfer; strategic partnership; investment agreement; commercial agreement; joint venture,2960
0486_unrelated_q107_Sports_Club_Training_Roster.csv,csv,text/csv,False,,Public,Sports Club Training Roster,FCT-2026-E70C03,attendance sheet; football drills; coach notes; injury recovery,718
0487_related_q002_Force_and_VIP_Movement_Coordination_Note.json,json,application/json,True,2,Top Secret,Force and VIP Movement Coordination Note,FCT-2026-D12EDB,troop movement; patrol route; mobilization; checkpoint; National Guard; convoy; Royal Guard; VIP movement,2492
0488_unrelated_q105_Marketing_Campaign_Retro.txt,txt,text/plain,False,,Internal,Marketing Campaign Retro,FCT-2026-76B405,social media post; click-through rate; brand awareness; newsletter open rate,1940
0489_unrelated_q109_Weather_Outlook_for_Field_Picnic.zip,zip,application/zip,False,,Public,Weather Outlook for Field Picnic,FCT-2026-C81A1D,picnic blankets; sunny intervals; UV index; light breeze,1145
0490_related_q015_Vital_National_Installation_Status_Sheet.eml,eml,message/rfc822,True,15,Secret,Vital National Installation Status Sheet,FCT-2026-D0D197,seaport; telecom exchange; desalination plant; power station; command center; military base; oil refinery; substation,2895
0491_unrelated_q105_Marketing_Campaign_Retro.pdf,pdf,application/pdf,False,,Internal,Marketing Campaign Retro,FCT-2026-744B4E,brand awareness; newsletter open rate; social media post; click-through rate,4116
0492_related_q002_Force_and_VIP_Movement_Coordination_Note.pptx,pptx,application/vnd.openxmlformats-officedocument.presentationml.presentation,True,2,Top Secret,Force and VIP Movement Coordination Note,FCT-2026-864A01,motorcade; escort; operational route; checkpoint; deployment; National Guard; mobilization; troop movement,30346
0493_related_q010_Strategic_Resource_Outlook.html,html,text/html,True,10,Secret,Strategic Resource Outlook,FCT-2026-F019C5,crude oil; petroleum exports; resource depletion; Brent; mining; natural gas; production quota; OPEC,2994
0494_related_q004_Cryptographic_Key_Custody_Log.rtf,rtf,application/rtf,True,4,Top Secret,Cryptographic Key Custody Log,FCT-2026-3B7A4F,private key; RSA; TLS certificate; PKI; certificate authority; AES; ECC; HSM,2135
0495_unrelated_q108_Procurement_Stationery_Order.xlsx,xlsx,application/vnd.openxmlformats-officedocument.spreadsheetml.sheet,False,,Internal,Procurement Stationery Order,FCT-2026-16840A,notebooks; whiteboard markers; sticky notes; toner cartridge,6819
0496_unrelated_q104_Facilities_Maintenance_Schedule.xml,xml,text/xml,False,,Internal,Facilities Maintenance Schedule,FCT-2026-B2F927,elevator inspection; HVAC filter; lighting upgrade; parking lot paint,1746
0497_related_q009_Labor_Market_Stability_Brief.log,log,text/log,True,9,Secret,Labor Market Stability Brief,FCT-2026-A6FFD3,recruitment freeze; Saudization; unemployment; workforce reduction; employment crisis; mass layoff; labor shortage; wage reduction,1932
0498_unrelated_q110_Volunteer_Greening_Day_Plan.tsv,tsv,text/tab-separated-values,False,,Public,Volunteer Greening Day Plan,FCT-2026-428D65,tree planting; community garden; recycling bins; irrigation hose,520
0499_related_q015_Vital_National_Installation_Status_Sheet.svg,svg,image/svg+xml,True,15,Secret,Vital National Installation Status Sheet,FCT-2026-840A17,substation; power station; telecom exchange; airport; seaport; government facility; desalination plant; command center,780
0500_related_q004_Cryptographic_Key_Custody_Log.docx,docx,application/vnd.openxmlformats-officedocument.wordprocessingml.document,True,4,Top Secret,Cryptographic Key Custody Log,FCT-2026-26AB6A,cryptographic key; PKI; certificate authority; AES; TLS certificate; key management; VPN key; ECC,37887
0501_unrelated_q110_Volunteer_Greening_Day_Plan.md,md,text/markdown,False,,Public,Volunteer Greening Day Plan,FCT-2026-CA0F91,community garden; tree planting; irrigation hose; recycling bins,2030
0502_related_q011_International_Commercial_Partnership_Sum.mht,mht,multipart/related,True,11,Secret,International Commercial Partnership Summary,FCT-2026-14E4F7,sovereign investment; joint venture; strategic supplier; commercial agreement; foreign investment; investment agreement; technology transfer; strategic partnership,2943
0503_unrelated_q104_Facilities_Maintenance_Schedule.csv,csv,text/csv,False,,Internal,Facilities Maintenance Schedule,FCT-2026-D981FE,lighting upgrade; parking lot paint; HVAC filter; elevator inspection,734
0504_unrelated_q104_Facilities_Maintenance_Schedule.json,json,application/json,False,,Internal,Facilities Maintenance Schedule,FCT-2026-DB5EC0,HVAC filter; parking lot paint; elevator inspection; lighting upgrade,2019
0505_unrelated_q105_Marketing_Campaign_Retro.txt,txt,text/plain,False,,Internal,Marketing Campaign Retro,FCT-2026-EB96E0,social media post; newsletter open rate; brand awareness; click-through rate,1955
0506_related_q006_National_Reputation_Risk_Watchlist.zip,zip,application/zip,True,6,Top Secret,National Reputation Risk Watchlist,FCT-2026-367F4C,money laundering; sanctions; human rights violation; bribery; scandal; media exposure; censorship; international criticism,1396
0507_related_q012_Export_Continuity_Advisory.eml,eml,message/rfc822,True,12,Secret,Export Continuity Advisory,FCT-2026-02EAE9,trade embargo; shipping disruption; customs restriction; export restriction; export decline; sanctions; port closure; trade barrier,2898
0508_related_q012_Export_Continuity_Advisory.pdf,pdf,application/pdf,True,12,Secret,Export Continuity Advisory,FCT-2026-641010,trade barrier; export restriction; export decline; shipping disruption; port closure; trade embargo; sanctions; customs restriction,4368
0509_unrelated_q104_Facilities_Maintenance_Schedule.pptx,pptx,application/vnd.openxmlformats-officedocument.presentationml.presentation,False,,Internal,Facilities Maintenance Schedule,FCT-2026-32E7F6,HVAC filter; parking lot paint; elevator inspection; lighting upgrade,30231
0510_unrelated_q104_Facilities_Maintenance_Schedule.html,html,text/html,False,,Internal,Facilities Maintenance Schedule,FCT-2026-2666EF,elevator inspection; lighting upgrade; parking lot paint; HVAC filter,2435
0511_unrelated_q108_Procurement_Stationery_Order.rtf,rtf,application/rtf,False,,Internal,Procurement Stationery Order,FCT-2026-B9DB4E,whiteboard markers; sticky notes; notebooks; toner cartridge,1617
0512_unrelated_q103_Employee_Wellness_Newsletter.xlsx,xlsx,application/vnd.openxmlformats-officedocument.spreadsheetml.sheet,False,,Public,Employee Wellness Newsletter,FCT-2026-E35569,ergonomic chair; hydration tips; step challenge; yoga session,6841
0513_related_q011_International_Commercial_Partnership_Sum.xml,xml,text/xml,True,11,Secret,International Commercial Partnership Summary,FCT-2026-BBD4DA,strategic supplier; sovereign investment; technology transfer; foreign investment; investment agreement; joint venture; strategic partnership; commercial agreement,2222
0514_unrelated_q106_Library_Acquisition_List.log,log,text/log,False,,Public,Library Acquisition List,FCT-2026-2547D0,interlibrary loan; cataloguing; reading club; fiction collection,1417
0515_related_q008_Diplomatic_Negotiation_Status_Memo.tsv,tsv,text/tab-separated-values,True,8,Secret,Diplomatic Negotiation Status Memo,FCT-2026-091836,strategic partnership; embassy; foreign ministry; diplomatic cable; MOU; treaty; diplomatic note; classified negotiation,625
0516_related_q015_Vital_National_Installation_Status_Sheet.svg,svg,image/svg+xml,True,15,Secret,Vital National Installation Status Sheet,FCT-2026-9D4966,airport; oil refinery; power station; telecom exchange; command center; military base; seaport; substation,783
0517_related_q003_Emergency_Continuity_and_Engagement_Proc.docx,docx,application/vnd.openxmlformats-officedocument.wordprocessingml.document,True,3,Top Secret,Emergency Continuity and Engagement Procedures,FCT-2026-E89E60,command structure; war plan; continuity of government; contingency plan; military doctrine; rules of engagement; defense strategy; mobilization plan,37945
0518_unrelated_q109_Weather_Outlook_for_Field_Picnic.md,md,text/markdown,False,,Public,Weather Outlook for Field Picnic,FCT-2026-8CF566,picnic blankets; light breeze; UV index; sunny intervals,2031
0519_related_q015_Vital_National_Installation_Status_Sheet.mht,mht,multipart/related,True,15,Secret,Vital National Installation Status Sheet,FCT-2026-A532FA,power station; telecom exchange; substation; government facility; desalination plant; seaport; command center; oil refinery,2783
0520_unrelated_q106_Library_Acquisition_List.csv,csv,text/csv,False,,Public,Library Acquisition List,FCT-2026-855A60,fiction collection; reading club; interlibrary loan; cataloguing,700
0521_related_q005_Critical_Infrastructure_Resilience_Bulle.json,json,application/json,True,5,Top Secret,Critical Infrastructure Resilience Bulletin,FCT-2026-EF041D,water treatment; ICS; SCADA; airport shutdown; gas plant; seaport; pipeline; oil production,2434
0522_unrelated_q105_Marketing_Campaign_Retro.txt,txt,text/plain,False,,Internal,Marketing Campaign Retro,FCT-2026-0E37C5,social media post; newsletter open rate; brand awareness; click-through rate,1960
0523_related_q011_International_Commercial_Partnership_Sum.zip,zip,application/zip,True,11,Secret,International Commercial Partnership Summary,FCT-2026-373759,investment agreement; sovereign investment; commercial agreement; joint venture; strategic supplier; foreign investment; technology transfer; strategic partnership,1390
0524_unrelated_q103_Employee_Wellness_Newsletter.eml,eml,message/rfc822,False,,Public,Employee Wellness Newsletter,FCT-2026-A496D5,hydration tips; step challenge; ergonomic chair; yoga session,2239
0525_related_q002_Force_and_VIP_Movement_Coordination_Note.pdf,pdf,application/pdf,True,2,Top Secret,Force and VIP Movement Coordination Note,FCT-2026-B0FDD3,mobilization; National Guard; deployment; VIP movement; convoy; military exercise; Royal Guard; motorcade,4332
0526_related_q006_National_Reputation_Risk_Watchlist.pptx,pptx,application/vnd.openxmlformats-officedocument.presentationml.presentation,True,6,Top Secret,National Reputation Risk Watchlist,FCT-2026-689538,diplomatic crisis; human rights violation; corruption; media exposure; censorship; sanctions; money laundering; bribery,30365
0527_related_q002_Force_and_VIP_Movement_Coordination_Note.html,html,text/html,True,2,Top Secret,Force and VIP Movement Coordination Note,FCT-2026-3F17B5,operational route; VIP movement; Royal Guard; checkpoint; mobilization; patrol route; troop movement; deployment,3055
0528_related_q009_Labor_Market_Stability_Brief.rtf,rtf,application/rtf,True,9,Secret,Labor Market Stability Brief,FCT-2026-EF8BBC,workforce reduction; wage reduction; labor shortage; unemployment; Nitaqat; employment crisis; mass layoff; Saudization,2219
0529_unrelated_q105_Marketing_Campaign_Retro.xlsx,xlsx,application/vnd.openxmlformats-officedocument.spreadsheetml.sheet,False,,Internal,Marketing Campaign Retro,FCT-2026-5F8919,newsletter open rate; social media post; click-through rate; brand awareness,6836
0530_related_q008_Diplomatic_Negotiation_Status_Memo.xml,xml,text/xml,True,8,Secret,Diplomatic Negotiation Status Memo,FCT-2026-1DA31D,MOU; embassy; diplomatic cable; foreign ministry; consulate; treaty; strategic partnership; bilateral agreement,2090
0531_related_q014_Strategic_Warehouse_and_Logistics_Reserv.log,log,text/log,True,14,Secret,Strategic Warehouse and Logistics Reserve Register,FCT-2026-8F463E,inventory reserve; supply depot; fuel depot; strategic reserve; emergency stockpile; logistics center; warehouse; storage facility,1978
0532_unrelated_q105_Marketing_Campaign_Retro.tsv,tsv,text/tab-separated-values,False,,Internal,Marketing Campaign Retro,FCT-2026-20BA6C,brand awareness; newsletter open rate; click-through rate; social media post,547
0533_unrelated_q105_Marketing_Campaign_Retro.svg,svg,image/svg+xml,False,,Internal,Marketing Campaign Retro,FCT-2026-99302D,social media post; newsletter open rate; click-through rate; brand awareness,724
0534_unrelated_q105_Marketing_Campaign_Retro.docx,docx,application/vnd.openxmlformats-officedocument.wordprocessingml.document,False,,Internal,Marketing Campaign Retro,FCT-2026-305F88,click-through rate; brand awareness; social media post; newsletter open rate,37749
0535_unrelated_q107_Sports_Club_Training_Roster.md,md,text/markdown,False,,Public,Sports Club Training Roster,FCT-2026-F4C75E,attendance sheet; injury recovery; football drills; coach notes,2021
0536_unrelated_q105_Marketing_Campaign_Retro.mht,mht,multipart/related,False,,Internal,Marketing Campaign Retro,FCT-2026-7A89FD,newsletter open rate; social media post; click-through rate; brand awareness,2104
0537_unrelated_q110_Volunteer_Greening_Day_Plan.csv,csv,text/csv,False,,Public,Volunteer Greening Day Plan,FCT-2026-BE8A90,community garden; tree planting; recycling bins; irrigation hose,714
0538_unrelated_q109_Weather_Outlook_for_Field_Picnic.json,json,application/json,False,,Public,Weather Outlook for Field Picnic,FCT-2026-51FBF5,sunny intervals; light breeze; UV index; picnic blankets,1996
0539_unrelated_q102_IT_Helpdesk_Ticket_Summary.txt,txt,text/plain,False,,Internal,IT Helpdesk Ticket Summary,FCT-2026-B6A474,VPN latency; laptop docking; printer jam; password reset,1920
0540_unrelated_q106_Library_Acquisition_List.zip,zip,application/zip,False,,Public,Library Acquisition List,FCT-2026-DD269B,reading club; interlibrary loan; fiction collection; cataloguing,1141
0541_unrelated_q104_Facilities_Maintenance_Schedule.eml,eml,message/rfc822,False,,Internal,Facilities Maintenance Schedule,FCT-2026-6CAC16,elevator inspection; HVAC filter; parking lot paint; lighting upgrade,2257
0542_unrelated_q105_Marketing_Campaign_Retro.pdf,pdf,application/pdf,False,,Internal,Marketing Campaign Retro,FCT-2026-82D37C,newsletter open rate; brand awareness; click-through rate; social media post,4093
0543_unrelated_q107_Sports_Club_Training_Roster.pptx,pptx,application/vnd.openxmlformats-officedocument.presentationml.presentation,False,,Public,Sports Club Training Roster,FCT-2026-04B428,attendance sheet; football drills; coach notes; injury recovery,30227
0544_related_q003_Emergency_Continuity_and_Engagement_Proc.html,html,text/html,True,3,Top Secret,Emergency Continuity and Engagement Procedures,FCT-2026-0D8D47,mobilization plan; emergency response; military doctrine; war plan; battle plan; continuity of government; rules of engagement; command structure,3145
0545_related_q002_Force_and_VIP_Movement_Coordination_Note.rtf,rtf,application/rtf,True,2,Top Secret,Force and VIP Movement Coordination Note,FCT-2026-60B2CB,motorcade; military exercise; checkpoint; National Guard; troop movement; convoy; Royal Guard; escort,2205
0546_related_q013_Government_Operations_Disruption_Report.xlsx,xlsx,application/vnd.openxmlformats-officedocument.spreadsheetml.sheet,True,13,Secret,Government Operations Disruption Report,FCT-2026-DBCEF4,emergency operations; operational disruption; business continuity; cyber attack; service outage; government shutdown; disaster recovery; system failure,7207
0547_unrelated_q104_Facilities_Maintenance_Schedule.xml,xml,text/xml,False,,Internal,Facilities Maintenance Schedule,FCT-2026-EE70E9,HVAC filter; parking lot paint; lighting upgrade; elevator inspection,1740
0548_unrelated_q108_Procurement_Stationery_Order.log,log,text/log,False,,Internal,Procurement Stationery Order,FCT-2026-4CA685,whiteboard markers; toner cartridge; notebooks; sticky notes,1423
0549_related_q002_Force_and_VIP_Movement_Coordination_Note.tsv,tsv,text/tab-separated-values,True,2,Top Secret,Force and VIP Movement Coordination Note,FCT-2026-9D09BC,National Guard; checkpoint; military exercise; operational route; motorcade; escort; mobilization; Royal Guard,615
0550_unrelated_q105_Marketing_Campaign_Retro.svg,svg,image/svg+xml,False,,Internal,Marketing Campaign Retro,FCT-2026-4958AB,newsletter open rate; social media post; click-through rate; brand awareness,724
0551_unrelated_q105_Marketing_Campaign_Retro.docx,docx,application/vnd.openxmlformats-officedocument.wordprocessingml.document,False,,Internal,Marketing Campaign Retro,FCT-2026-F8CB69,newsletter open rate; social media post; brand awareness; click-through rate,37707
0552_related_q004_Cryptographic_Key_Custody_Log.md,md,text/markdown,True,4,Top Secret,Cryptographic Key Custody Log,FCT-2026-E6C0B3,private key; secret key; AES; RSA; root certificate; certificate authority; HSM; PKI,2559
0553_unrelated_q108_Procurement_Stationery_Order.mht,mht,multipart/related,False,,Internal,Procurement Stationery Order,FCT-2026-8DF1FB,whiteboard markers; notebooks; toner cartridge; sticky notes,2066
0554_unrelated_q104_Facilities_Maintenance_Schedule.csv,csv,text/csv,False,,Internal,Facilities Maintenance Schedule,FCT-2026-EB1D93,HVAC filter; parking lot paint; lighting upgrade; elevator inspection,723
0555_related_q005_Critical_Infrastructure_Resilience_Bulle.json,json,application/json,True,5,Top Secret,Critical Infrastructure Resilience Bulletin,FCT-2026-BFCCB3,ICS; oil production; airport shutdown; critical infrastructure; refinery; gas plant; seaport; pipeline,2496
0556_related_q009_Labor_Market_Stability_Brief.txt,txt,text/plain,True,9,Secret,Labor Market Stability Brief,FCT-2026-6FAFFE,labor shortage; unemployment; employment crisis; Nitaqat; recruitment freeze; mass layoff; wage reduction; workforce reduction,2559
0557_related_q004_Cryptographic_Key_Custody_Log.zip,zip,application/zip,True,4,Top Secret,Cryptographic Key Custody Log,FCT-2026-98D8F1,HSM; certificate authority; root certificate; private key; cryptographic key; ECC; VPN key; TLS certificate,1357
0558_related_q012_Export_Continuity_Advisory.eml,eml,message/rfc822,True,12,Secret,Export Continuity Advisory,FCT-2026-F7949E,customs restriction; export decline; export restriction; shipping disruption; sanctions; port closure; trade barrier; trade embargo,2892
0559_unrelated_q107_Sports_Club_Training_Roster.pdf,pdf,application/pdf,False,,Public,Sports Club Training Roster,FCT-2026-6558FD,football drills; injury recovery; coach notes; attendance sheet,4095
0560_unrelated_q107_Sports_Club_Training_Roster.pptx,pptx,application/vnd.openxmlformats-officedocument.presentationml.presentation,False,,Public,Sports Club Training Roster,FCT-2026-A2C46E,coach notes; injury recovery; attendance sheet; football drills,30225
0561_unrelated_q107_Sports_Club_Training_Roster.html,html,text/html,False,,Public,Sports Club Training Roster,FCT-2026-BF02FD,attendance sheet; coach notes; injury recovery; football drills,2388
0562_related_q004_Cryptographic_Key_Custody_Log.rtf,rtf,application/rtf,True,4,Top Secret,Cryptographic Key Custody Log,FCT-2026-F140D4,root certificate; private key; HSM; key management; certificate authority; AES; PKI; cryptographic key,2200
0563_unrelated_q108_Procurement_Stationery_Order.xlsx,xlsx,application/vnd.openxmlformats-officedocument.spreadsheetml.sheet,False,,Internal,Procurement Stationery Order,FCT-2026-651F3B,notebooks; toner cartridge; whiteboard markers; sticky notes,6846
0564_unrelated_q104_Facilities_Maintenance_Schedule.xml,xml,text/xml,False,,Internal,Facilities Maintenance Schedule,FCT-2026-01BEEE,elevator inspection; lighting upgrade; parking lot paint; HVAC filter,1736
0565_related_q009_Labor_Market_Stability_Brief.log,log,text/log,True,9,Secret,Labor Market Stability Brief,FCT-2026-02799E,mass layoff; workforce reduction; Nitaqat; labor shortage; employment crisis; wage reduction; unemployment; recruitment freeze,1939
0566_unrelated_q106_Library_Acquisition_List.tsv,tsv,text/tab-separated-values,False,,Public,Library Acquisition List,FCT-2026-4A2DCC,reading club; cataloguing; interlibrary loan; fiction collection,522
0567_unrelated_q103_Employee_Wellness_Newsletter.svg,svg,image/svg+xml,False,,Public,Employee Wellness Newsletter,FCT-2026-CDC096,yoga session; step challenge; ergonomic chair; hydration tips,709
0568_related_q001_Restricted_Defense_Asset_Inventory_Brief.docx,docx,application/vnd.openxmlformats-officedocument.wordprocessingml.document,True,1,Top Secret,Restricted Defense Asset Inventory Brief,FCT-2026-A980DF,Ministry of Defense; artillery; weapons cache; tank; fighter aircraft; missile; explosives; armory,37946
0569_unrelated_q104_Facilities_Maintenance_Schedule.md,md,text/markdown,False,,Internal,Facilities Maintenance Schedule,FCT-2026-4C69DE,lighting upgrade; HVAC filter; elevator inspection; parking lot paint,2062
0570_related_q015_Vital_National_Installation_Status_Sheet.mht,mht,multipart/related,True,15,Secret,Vital National Installation Status Sheet,FCT-2026-B189A9,military base; desalination plant; power station; oil refinery; substation; seaport; command center; government facility,2774
0571_unrelated_q110_Volunteer_Greening_Day_Plan.csv,csv,text/csv,False,,Public,Volunteer Greening Day Plan,FCT-2026-14B10B,community garden; tree planting; irrigation hose; recycling bins,714
0572_unrelated_q106_Library_Acquisition_List.json,json,application/json,False,,Public,Library Acquisition List,FCT-2026-297412,fiction collection; reading club; interlibrary loan; cataloguing,2010
0573_related_q006_National_Reputation_Risk_Watchlist.txt,txt,text/plain,True,6,Top Secret,National Reputation Risk Watchlist,FCT-2026-8E4F29,diplomatic crisis; media exposure; international criticism; censorship; corruption; scandal; bribery; human rights violation,2577
0574_related_q012_Export_Continuity_Advisory.zip,zip,application/zip,True,12,Secret,Export Continuity Advisory,FCT-2026-69D7E8,trade embargo; export decline; port closure; export restriction; shipping disruption; sanctions; customs restriction; trade barrier,1364
0575_related_q001_Restricted_Defense_Asset_Inventory_Brief.eml,eml,message/rfc822,True,1,Top Secret,Restricted Defense Asset Inventory Brief,FCT-2026-2210C7,Ministry of Defense; Royal Saudi Air Force; ballistic missile; artillery; military base; fighter aircraft; weapons cache; explosives,2955
0576_unrelated_q101_Office_Cafeteria_Weekly_Menu.pdf,pdf,application/pdf,False,,Public,Office Cafeteria Weekly Menu,FCT-2026-2DDFC4,coffee station; vegetarian option; lunch special; dessert bar,4108
0577_unrelated_q105_Marketing_Campaign_Retro.pptx,pptx,application/vnd.openxmlformats-officedocument.presentationml.presentation,False,,Internal,Marketing Campaign Retro,FCT-2026-B1BFF3,brand awareness; click-through rate; social media post; newsletter open rate,30236
0578_unrelated_q103_Employee_Wellness_Newsletter.html,html,text/html,False,,Public,Employee Wellness Newsletter,FCT-2026-B4D8F8,step challenge; yoga session; ergonomic chair; hydration tips,2390
0579_unrelated_q104_Facilities_Maintenance_Schedule.rtf,rtf,application/rtf,False,,Internal,Facilities Maintenance Schedule,FCT-2026-86FBB5,parking lot paint; HVAC filter; lighting upgrade; elevator inspection,1645
0580_unrelated_q106_Library_Acquisition_List.xlsx,xlsx,application/vnd.openxmlformats-officedocument.spreadsheetml.sheet,False,,Public,Library Acquisition List,FCT-2026-0BEB35,fiction collection; reading club; interlibrary loan; cataloguing,6816
0581_related_q010_Strategic_Resource_Outlook.xml,xml,text/xml,True,10,Secret,Strategic Resource Outlook,FCT-2026-C54BF2,natural gas; Brent; resource depletion; petroleum exports; OPEC; crude oil; commodity price; mining,2065
0582_related_q012_Export_Continuity_Advisory.log,log,text/log,True,12,Secret,Export Continuity Advisory,FCT-2026-7F0B55,sanctions; export decline; export restriction; customs restriction; port closure; trade embargo; trade barrier; shipping disruption,1951
0583_unrelated_q108_Procurement_Stationery_Order.tsv,tsv,text/tab-separated-values,False,,Internal,Procurement Stationery Order,FCT-2026-6D73D5,notebooks; whiteboard markers; toner cartridge; sticky notes,533
0584_related_q013_Government_Operations_Disruption_Report.svg,svg,image/svg+xml,True,13,Secret,Government Operations Disruption Report,FCT-2026-966543,disaster recovery; government shutdown; operational disruption; emergency operations; system failure; service outage; business continuity; cyber attack,813
0585_related_q005_Critical_Infrastructure_Resilience_Bulle.docx,docx,application/vnd.openxmlformats-officedocument.wordprocessingml.document,True,5,Top Secret,Critical Infrastructure Resilience Bulletin,FCT-2026-8A4FE8,ICS; oil production; blackout; telecommunications outage; critical infrastructure; gas plant; power grid; seaport,37918
0586_unrelated_q108_Procurement_Stationery_Order.md,md,text/markdown,False,,Internal,Procurement Stationery Order,FCT-2026-BD3D53,toner cartridge; notebooks; sticky notes; whiteboard markers,2016
0587_unrelated_q109_Weather_Outlook_for_Field_Picnic.mht,mht,multipart/related,False,,Public,Weather Outlook for Field Picnic,FCT-2026-F17D10,picnic blankets; UV index; sunny intervals; light breeze,2076
0588_related_q004_Cryptographic_Key_Custody_Log.csv,csv,text/csv,True,4,Top Secret,Cryptographic Key Custody Log,FCT-2026-03B0FF,cryptographic key; PKI; secret key; root certificate; RSA; certificate authority; key management; private key,925
0589_related_q009_Labor_Market_Stability_Brief.json,json,application/json,True,9,Secret,Labor Market Stability Brief,FCT-2026-729228,labor shortage; workforce reduction; wage reduction; Nitaqat; Saudization; unemployment; recruitment freeze; employment crisis,2506
0590_related_q011_International_Commercial_Partnership_Sum.txt,txt,text/plain,True,11,Secret,International Commercial Partnership Summary,FCT-2026-E9FD41,sovereign investment; strategic supplier; commercial agreement; technology transfer; strategic partnership; joint venture; investment agreement; foreign investment,2709
0591_unrelated_q110_Volunteer_Greening_Day_Plan.zip,zip,application/zip,False,,Public,Volunteer Greening Day Plan,FCT-2026-D22DC5,irrigation hose; recycling bins; community garden; tree planting,1144
0592_unrelated_q103_Employee_Wellness_Newsletter.eml,eml,message/rfc822,False,,Public,Employee Wellness Newsletter,FCT-2026-D9E705,step challenge; yoga session; hydration tips; ergonomic chair,2235
0593_related_q014_Strategic_Warehouse_and_Logistics_Reserv.pdf,pdf,application/pdf,True,14,Secret,Strategic Warehouse and Logistics Reserve Register,FCT-2026-CBF469,emergency stockpile; logistics center; inventory reserve; storage facility; strategic reserve; warehouse; fuel depot; supply depot,4389
0594_unrelated_q107_Sports_Club_Training_Roster.pptx,pptx,application/vnd.openxmlformats-officedocument.presentationml.presentation,False,,Public,Sports Club Training Roster,FCT-2026-06BA18,injury recovery; attendance sheet; coach notes; football drills,30229
0595_related_q005_Critical_Infrastructure_Resilience_Bulle.html,html,text/html,True,5,Top Secret,Critical Infrastructure Resilience Bulletin,FCT-2026-ADF691,power grid; pipeline; airport shutdown; refinery; gas plant; oil production; critical infrastructure; SCADA,3065
0596_unrelated_q110_Volunteer_Greening_Day_Plan.rtf,rtf,application/rtf,False,,Public,Volunteer Greening Day Plan,FCT-2026-1907A5,tree planting; recycling bins; community garden; irrigation hose,1627
0597_related_q006_National_Reputation_Risk_Watchlist.xlsx,xlsx,application/vnd.openxmlformats-officedocument.spreadsheetml.sheet,True,6,Top Secret,National Reputation Risk Watchlist,FCT-2026-757A74,international criticism; diplomatic crisis; sanctions; scandal; media exposure; money laundering; bribery; human rights violation,7195
0598_related_q003_Emergency_Continuity_and_Engagement_Proc.xml,xml,text/xml,True,3,Top Secret,Emergency Continuity and Engagement Procedures,FCT-2026-4BC4CB,mobilization plan; emergency response; continuity of government; rules of engagement; defense strategy; evacuation plan; command structure; contingency plan,2210
0599_related_q014_Strategic_Warehouse_and_Logistics_Reserv.log,log,text/log,True,14,Secret,Strategic Warehouse and Logistics Reserve Register,FCT-2026-A29282,warehouse; storage facility; supply depot; fuel depot; strategic reserve; inventory reserve; emergency stockpile; logistics center,1972
0600_related_q007_Counter-Terrorism_Threat_Digest.tsv,tsv,text/tab-separated-values,True,7,Top Secret,Counter-Terrorism Threat Digest,FCT-2026-13DB30,Daesh; violent extremism; terrorism; VBIED; attack plan; radicalization; suicide attack; hostage,586
0601_related_q008_Diplomatic_Negotiation_Status_Memo.svg,svg,image/svg+xml,True,8,Secret,Diplomatic Negotiation Status Memo,FCT-2026-4C16F3,embassy; bilateral agreement; diplomatic cable; strategic partnership; consulate; classified negotiation; treaty; diplomatic note,796
0602_related_q013_Government_Operations_Disruption_Report.docx,docx,application/vnd.openxmlformats-officedocument.wordprocessingml.document,True,13,Secret,Government Operations Disruption Report,FCT-2026-C628A5,business continuity; government shutdown; system failure; emergency operations; cyber attack; disaster recovery; service outage; operational disruption,37924
0603_related_q011_International_Commercial_Partnership_Sum.md,md,text/markdown,True,11,Secret,International Commercial Partnership Summary,FCT-2026-A15FC8,strategic partnership; commercial agreement; foreign investment; investment agreement; sovereign investment; joint venture; strategic supplier; technology transfer,2824
0604_unrelated_q107_Sports_Club_Training_Roster.mht,mht,multipart/related,False,,Public,Sports Club Training Roster,FCT-2026-FBEE2F,injury recovery; coach notes; football drills; attendance sheet,2064
0605_related_q015_Vital_National_Installation_Status_Sheet.csv,csv,text/csv,True,15,Secret,Vital National Installation Status Sheet,FCT-2026-A9265C,government facility; seaport; substation; military base; telecom exchange; command center; power station; airport,959
0606_unrelated_q110_Volunteer_Greening_Day_Plan.json,json,application/json,False,,Public,Volunteer Greening Day Plan,FCT-2026-B43EA2,irrigation hose; recycling bins; tree planting; community garden,2025
0607_related_q002_Force_and_VIP_Movement_Coordination_Note.txt,txt,text/plain,True,2,Top Secret,Force and VIP Movement Coordination Note,FCT-2026-63C8E2,escort; checkpoint; troop movement; National Guard; deployment; military exercise; patrol route; Royal Guard,2519
0608_related_q011_International_Commercial_Partnership_Sum.zip,zip,application/zip,True,11,Secret,International Commercial Partnership Summary,FCT-2026-2B409C,foreign investment; joint venture; investment agreement; commercial agreement; strategic partnership; sovereign investment; technology transfer; strategic supplier,1387
0609_related_q006_National_Reputation_Risk_Watchlist.eml,eml,message/rfc822,True,6,Top Secret,National Reputation Risk Watchlist,FCT-2026-F024C1,international criticism; censorship; money laundering; scandal; sanctions; corruption; bribery; diplomatic crisis,2868
0610_unrelated_q102_IT_Helpdesk_Ticket_Summary.pdf,pdf,application/pdf,False,,Internal,IT Helpdesk Ticket Summary,FCT-2026-508F20,laptop docking; VPN latency; password reset; printer jam,4119
0611_related_q008_Diplomatic_Negotiation_Status_Memo.pptx,pptx,application/vnd.openxmlformats-officedocument.presentationml.presentation,True,8,Secret,Diplomatic Negotiation Status Memo,FCT-2026-35148E,MOU; bilateral agreement; diplomatic cable; embassy; strategic partnership; treaty; classified negotiation; diplomatic note,30359
0612_related_q009_Labor_Market_Stability_Brief.html,html,text/html,True,9,Secret,Labor Market Stability Brief,FCT-2026-A85C17,labor shortage; wage reduction; mass layoff; workforce reduction; Saudization; Nitaqat; employment crisis; unemployment,3018
0613_related_q015_Vital_National_Installation_Status_Sheet.rtf,rtf,application/rtf,True,15,Secret,Vital National Installation Status Sheet,FCT-2026-715B77,government facility; desalination plant; military base; power station; command center; oil refinery; telecom exchange; airport,2272
0614_related_q015_Vital_National_Installation_Status_Sheet.xlsx,xlsx,application/vnd.openxmlformats-officedocument.spreadsheetml.sheet,True,15,Secret,Vital National Installation Status Sheet,FCT-2026-74E459,government facility; desalination plant; telecom exchange; substation; oil refinery; command center; power station; military base,7223
0615_unrelated_q109_Weather_Outlook_for_Field_Picnic.xml,xml,text/xml,False,,Public,Weather Outlook for Field Picnic,FCT-2026-C5817C,light breeze; UV index; picnic blankets; sunny intervals,1726
0616_related_q014_Strategic_Warehouse_and_Logistics_Reserv.log,log,text/log,True,14,Secret,Strategic Warehouse and Logistics Reserve Register,FCT-2026-BF6ED3,supply depot; logistics center; inventory reserve; warehouse; storage facility; strategic reserve; emergency stockpile; fuel depot,1973
0617_related_q014_Strategic_Warehouse_and_Logistics_Reserv.tsv,tsv,text/tab-separated-values,True,14,Secret,Strategic Warehouse and Logistics Reserve Register,FCT-2026-C23AA8,supply depot; storage facility; logistics center; inventory reserve; warehouse; emergency stockpile; fuel depot; strategic reserve,636
0618_unrelated_q102_IT_Helpdesk_Ticket_Summary.svg,svg,image/svg+xml,False,,Internal,IT Helpdesk Ticket Summary,FCT-2026-3EF6B2,password reset; VPN latency; laptop docking; printer jam,705
0619_related_q012_Export_Continuity_Advisory.docx,docx,application/vnd.openxmlformats-officedocument.wordprocessingml.document,True,12,Secret,Export Continuity Advisory,FCT-2026-42DCB1,port closure; export decline; export restriction; sanctions; customs restriction; shipping disruption; trade barrier; trade embargo,37890
0620_unrelated_q103_Employee_Wellness_Newsletter.md,md,text/markdown,False,,Public,Employee Wellness Newsletter,FCT-2026-4C12F6,hydration tips; step challenge; ergonomic chair; yoga session,2029
0621_related_q003_Emergency_Continuity_and_Engagement_Proc.mht,mht,multipart/related,True,3,Top Secret,Emergency Continuity and Engagement Procedures,FCT-2026-7E2304,continuity of government; rules of engagement; defense strategy; military doctrine; contingency plan; evacuation plan; emergency response; command structure,2942
0622_related_q002_Force_and_VIP_Movement_Coordination_Note.csv,csv,text/csv,True,2,Top Secret,Force and VIP Movement Coordination Note,FCT-2026-01C3E9,patrol route; deployment; VIP movement; mobilization; Royal Guard; motorcade; troop movement; operational route,942
0623_unrelated_q110_Volunteer_Greening_Day_Plan.json,json,application/json,False,,Public,Volunteer Greening Day Plan,FCT-2026-8282C5,recycling bins; irrigation hose; community garden; tree planting,2011
0624_related_q008_Diplomatic_Negotiation_Status_Memo.txt,txt,text/plain,True,8,Secret,Diplomatic Negotiation Status Memo,FCT-2026-B3E349,diplomatic note; MOU; foreign ministry; strategic partnership; classified negotiation; bilateral agreement; treaty; consulate,2581
0625_unrelated_q105_Marketing_Campaign_Retro.zip,zip,application/zip,False,,Internal,Marketing Campaign Retro,FCT-2026-12BA05,click-through rate; newsletter open rate; social media post; brand awareness,1161
0626_unrelated_q103_Employee_Wellness_Newsletter.eml,eml,message/rfc822,False,,Public,Employee Wellness Newsletter,FCT-2026-A6E5CC,step challenge; hydration tips; yoga session; ergonomic chair,2221
0627_unrelated_q104_Facilities_Maintenance_Schedule.pdf,pdf,application/pdf,False,,Internal,Facilities Maintenance Schedule,FCT-2026-B36AC9,lighting upgrade; elevator inspection; HVAC filter; parking lot paint,4058
0628_related_q004_Cryptographic_Key_Custody_Log.pptx,pptx,application/vnd.openxmlformats-officedocument.presentationml.presentation,True,4,Top Secret,Cryptographic Key Custody Log,FCT-2026-102941,private key; cryptographic key; secret key; RSA; ECC; PKI; TLS certificate; VPN key,30329
0629_unrelated_q106_Library_Acquisition_List.html,html,text/html,False,,Public,Library Acquisition List,FCT-2026-46AAAB,interlibrary loan; fiction collection; cataloguing; reading club,2394
0630_related_q008_Diplomatic_Negotiation_Status_Memo.rtf,rtf,application/rtf,True,8,Secret,Diplomatic Negotiation Status Memo,FCT-2026-31726A,diplomatic note; classified negotiation; strategic partnership; treaty; foreign ministry; bilateral agreement; consulate; MOU,2288
0631_related_q007_Counter-Terrorism_Threat_Digest.xlsx,xlsx,application/vnd.openxmlformats-officedocument.spreadsheetml.sheet,True,7,Top Secret,Counter-Terrorism Threat Digest,FCT-2026-A5FD62,VBIED; suicide attack; Al-Qaeda; Daesh; attack plan; IED; terrorism; radicalization,7151
0632_unrelated_q110_Volunteer_Greening_Day_Plan.xml,xml,text/xml,False,,Public,Volunteer Greening Day Plan,FCT-2026-160FC5,community garden; irrigation hose; tree planting; recycling bins,1714
0633_related_q010_Strategic_Resource_Outlook.log,log,text/log,True,10,Secret,Strategic Resource Outlook,FCT-2026-AA4F2C,natural gas; commodity price; Brent; petroleum exports; mining; resource depletion; production quota; crude oil,1922
0634_related_q014_Strategic_Warehouse_and_Logistics_Reserv.tsv,tsv,text/tab-separated-values,True,14,Secret,Strategic Warehouse and Logistics Reserve Register,FCT-2026-34B451,logistics center; emergency stockpile; inventory reserve; supply depot; warehouse; strategic reserve; storage facility; fuel depot,654
0635_related_q011_International_Commercial_Partnership_Sum.svg,svg,image/svg+xml,True,11,Secret,International Commercial Partnership Summary,FCT-2026-B338F2,strategic supplier; joint venture; strategic partnership; commercial agreement; technology transfer; sovereign investment; investment agreement; foreign investment,823
0636_unrelated_q104_Facilities_Maintenance_Schedule.docx,docx,application/vnd.openxmlformats-officedocument.wordprocessingml.document,False,,Internal,Facilities Maintenance Schedule,FCT-2026-B015E2,parking lot paint; HVAC filter; lighting upgrade; elevator inspection,37704
0637_related_q011_International_Commercial_Partnership_Sum.md,md,text/markdown,True,11,Secret,International Commercial Partnership Summary,FCT-2026-8A6C15,strategic supplier; foreign investment; strategic partnership; technology transfer; sovereign investment; commercial agreement; investment agreement; joint venture,2812
0638_related_q009_Labor_Market_Stability_Brief.mht,mht,multipart/related,True,9,Secret,Labor Market Stability Brief,FCT-2026-71D763,Nitaqat; workforce reduction; unemployment; wage reduction; employment crisis; labor shortage; mass layoff; Saudization,2709
0639_related_q005_Critical_Infrastructure_Resilience_Bulle.csv,csv,text/csv,True,5,Top Secret,Critical Infrastructure Resilience Bulletin,FCT-2026-72B038,airport shutdown; gas plant; telecommunications outage; pipeline; critical infrastructure; refinery; oil production; water treatment,1005
0640_related_q005_Critical_Infrastructure_Resilience_Bulle.json,json,application/json,True,5,Top Secret,Critical Infrastructure Resilience Bulletin,FCT-2026-D408D4,water treatment; gas plant; oil production; airport shutdown; ICS; seaport; SCADA; telecommunications outage,2500
0641_related_q007_Counter-Terrorism_Threat_Digest.txt,txt,text/plain,True,7,Top Secret,Counter-Terrorism Threat Digest,FCT-2026-6D2042,ISIS; bomb; radicalization; terrorist; terrorism; IED; violent extremism; extremist,2458
0642_related_q012_Export_Continuity_Advisory.zip,zip,application/zip,True,12,Secret,Export Continuity Advisory,FCT-2026-7A17A1,sanctions; shipping disruption; customs restriction; trade barrier; trade embargo; export decline; export restriction; port closure,1358
0643_related_q010_Strategic_Resource_Outlook.eml,eml,message/rfc822,True,10,Secret,Strategic Resource Outlook,FCT-2026-196C16,oil reserve; Brent; resource depletion; OPEC; natural gas; mining; production quota; petroleum exports,2809
0644_related_q006_National_Reputation_Risk_Watchlist.pdf,pdf,application/pdf,True,6,Top Secret,National Reputation Risk Watchlist,FCT-2026-F1D69A,money laundering; international criticism; corruption; bribery; diplomatic crisis; media exposure; scandal; human rights violation,4376
0645_unrelated_q108_Procurement_Stationery_Order.pptx,pptx,application/vnd.openxmlformats-officedocument.presentationml.presentation,False,,Internal,Procurement Stationery Order,FCT-2026-6B39DC,sticky notes; notebooks; toner cartridge; whiteboard markers,30212
0646_related_q003_Emergency_Continuity_and_Engagement_Proc.html,html,text/html,True,3,Top Secret,Emergency Continuity and Engagement Procedures,FCT-2026-EC47A3,rules of engagement; war plan; battle plan; emergency response; military doctrine; continuity of government; command structure; defense strategy,3131
0647_related_q003_Emergency_Continuity_and_Engagement_Proc.rtf,rtf,application/rtf,True,3,Top Secret,Emergency Continuity and Engagement Procedures,FCT-2026-00F7FE,war plan; mobilization plan; contingency plan; continuity of government; emergency response; command structure; rules of engagement; battle plan,2323
0648_related_q014_Strategic_Warehouse_and_Logistics_Reserv.xlsx,xlsx,application/vnd.openxmlformats-officedocument.spreadsheetml.sheet,True,14,Secret,Strategic Warehouse and Logistics Reserve Register,FCT-2026-BD2FE9,supply depot; logistics center; strategic reserve; storage facility; inventory reserve; warehouse; fuel depot; emergency stockpile,7190
0649_unrelated_q102_IT_Helpdesk_Ticket_Summary.xml,xml,text/xml,False,,Internal,IT Helpdesk Ticket Summary,FCT-2026-A18F0C,VPN latency; printer jam; password reset; laptop docking,1709
0650_related_q014_Strategic_Warehouse_and_Logistics_Reserv.log,log,text/log,True,14,Secret,Strategic Warehouse and Logistics Reserve Register,FCT-2026-6971D7,supply depot; emergency stockpile; warehouse; logistics center; fuel depot; strategic reserve; storage facility; inventory reserve,1967
0651_unrelated_q103_Employee_Wellness_Newsletter.tsv,tsv,text/tab-separated-values,False,,Public,Employee Wellness Newsletter,FCT-2026-70EC38,yoga session; step challenge; ergonomic chair; hydration tips,530
0652_related_q012_Export_Continuity_Advisory.svg,svg,image/svg+xml,True,12,Secret,Export Continuity Advisory,FCT-2026-3AE511,export restriction; port closure; trade barrier; customs restriction; export decline; trade embargo; shipping disruption; sanctions,783
0653_unrelated_q102_IT_Helpdesk_Ticket_Summary.docx,docx,application/vnd.openxmlformats-officedocument.wordprocessingml.document,False,,Internal,IT Helpdesk Ticket Summary,FCT-2026-922133,laptop docking; password reset; printer jam; VPN latency,37712
0654_unrelated_q106_Library_Acquisition_List.md,md,text/markdown,False,,Public,Library Acquisition List,FCT-2026-DFEB7B,cataloguing; interlibrary loan; fiction collection; reading club,2016
0655_unrelated_q106_Library_Acquisition_List.mht,mht,multipart/related,False,,Public,Library Acquisition List,FCT-2026-35D0BB,cataloguing; fiction collection; reading club; interlibrary loan,2072
0656_related_q007_Counter-Terrorism_Threat_Digest.csv,csv,text/csv,True,7,Top Secret,Counter-Terrorism Threat Digest,FCT-2026-052C9A,attack plan; IED; terrorism; Daesh; extremist; Al-Qaeda; radicalization; VBIED,901
0657_unrelated_q106_Library_Acquisition_List.json,json,application/json,False,,Public,Library Acquisition List,FCT-2026-F74166,reading club; cataloguing; interlibrary loan; fiction collection,2022
0658_related_q011_International_Commercial_Partnership_Sum.txt,txt,text/plain,True,11,Secret,International Commercial Partnership Summary,FCT-2026-209095,strategic partnership; sovereign investment; commercial agreement; joint venture; foreign investment; strategic supplier; technology transfer; investment agreement,2711
0659_related_q003_Emergency_Continuity_and_Engagement_Proc.zip,zip,application/zip,True,3,Top Secret,Emergency Continuity and Engagement Procedures,FCT-2026-FD7F5C,continuity of government; emergency response; defense strategy; military doctrine; rules of engagement; contingency plan; war plan; mobilization plan,1412
0660_related_q014_Strategic_Warehouse_and_Logistics_Reserv.eml,eml,message/rfc822,True,14,Secret,Strategic Warehouse and Logistics Reserve Register,FCT-2026-39C667,logistics center; fuel depot; storage facility; supply depot; warehouse; emergency stockpile; strategic reserve; inventory reserve,2952
0661_unrelated_q101_Office_Cafeteria_Weekly_Menu.pdf,pdf,application/pdf,False,,Public,Office Cafeteria Weekly Menu,FCT-2026-FAF583,dessert bar; vegetarian option; coffee station; lunch special,4045
0662_unrelated_q105_Marketing_Campaign_Retro.pptx,pptx,application/vnd.openxmlformats-officedocument.presentationml.presentation,False,,Internal,Marketing Campaign Retro,FCT-2026-92A3DE,social media post; newsletter open rate; click-through rate; brand awareness,30237
0663_unrelated_q108_Procurement_Stationery_Order.html,html,text/html,False,,Internal,Procurement Stationery Order,FCT-2026-EAA97A,notebooks; toner cartridge; whiteboard markers; sticky notes,2388
0664_related_q002_Force_and_VIP_Movement_Coordination_Note.rtf,rtf,application/rtf,True,2,Top Secret,Force and VIP Movement Coordination Note,FCT-2026-0CF393,operational route; military exercise; VIP movement; escort; motorcade; Royal Guard; troop movement; deployment,2229
0665_related_q008_Diplomatic_Negotiation_Status_Memo.xlsx,xlsx,application/vnd.openxmlformats-officedocument.spreadsheetml.sheet,True,8,Secret,Diplomatic Negotiation Status Memo,FCT-2026-590BAE,consulate; embassy; MOU; treaty; strategic partnership; bilateral agreement; diplomatic cable; classified negotiation,7185
0666_related_q011_International_Commercial_Partnership_Sum.xml,xml,text/xml,True,11,Secret,International Commercial Partnership Summary,FCT-2026-F86B4F,strategic supplier; investment agreement; foreign investment; commercial agreement; sovereign investment; joint venture; strategic partnership; technology transfer,2230
0667_unrelated_q102_IT_Helpdesk_Ticket_Summary.log,log,text/log,False,,Internal,IT Helpdesk Ticket Summary,FCT-2026-1BD3F6,laptop docking; password reset; VPN latency; printer jam,1416
0668_related_q010_Strategic_Resource_Outlook.tsv,tsv,text/tab-separated-values,True,10,Secret,Strategic Resource Outlook,FCT-2026-8FB78B,Brent; crude oil; petroleum exports; oil reserve; production quota; OPEC; mining; resource depletion,586
0669_unrelated_q106_Library_Acquisition_List.svg,svg,image/svg+xml,False,,Public,Library Acquisition List,FCT-2026-8D28F1,fiction collection; reading club; interlibrary loan; cataloguing,711
0670_unrelated_q102_IT_Helpdesk_Ticket_Summary.docx,docx,application/vnd.openxmlformats-officedocument.wordprocessingml.document,False,,Internal,IT Helpdesk Ticket Summary,FCT-2026-E054FD,VPN latency; printer jam; password reset; laptop docking,37720
0671_unrelated_q104_Facilities_Maintenance_Schedule.md,md,text/markdown,False,,Internal,Facilities Maintenance Schedule,FCT-2026-5CB5FD,HVAC filter; parking lot paint; lighting upgrade; elevator inspection,2026
0672_unrelated_q104_Facilities_Maintenance_Schedule.mht,mht,multipart/related,False,,Internal,Facilities Maintenance Schedule,FCT-2026-BD2286,parking lot paint; lighting upgrade; HVAC filter; elevator inspection,2116
0673_related_q003_Emergency_Continuity_and_Engagement_Proc.csv,csv,text/csv,True,3,Top Secret,Emergency Continuity and Engagement Procedures,FCT-2026-D6F215,command structure; mobilization plan; war plan; battle plan; contingency plan; defense strategy; emergency response; evacuation plan,977
0674_related_q004_Cryptographic_Key_Custody_Log.json,json,application/json,True,4,Top Secret,Cryptographic Key Custody Log,FCT-2026-3426B1,RSA; private key; certificate authority; PKI; root certificate; cryptographic key; ECC; TLS certificate,2467
0675_related_q009_Labor_Market_Stability_Brief.txt,txt,text/plain,True,9,Secret,Labor Market Stability Brief,FCT-2026-AFF7F3,workforce reduction; wage reduction; mass layoff; unemployment; Nitaqat; Saudization; labor shortage; employment crisis,2539
0676_related_q001_Restricted_Defense_Asset_Inventory_Brief.zip,zip,application/zip,True,1,Top Secret,Restricted Defense Asset Inventory Brief,FCT-2026-950E61,weapons cache; drone; fighter aircraft; explosives; Royal Saudi Air Force; armory; ballistic missile; military base,1393
0677_related_q014_Strategic_Warehouse_and_Logistics_Reserv.eml,eml,message/rfc822,True,14,Secret,Strategic Warehouse and Logistics Reserve Register,FCT-2026-A73185,logistics center; inventory reserve; fuel depot; warehouse; supply depot; storage facility; strategic reserve; emergency stockpile,2966
0678_unrelated_q104_Facilities_Maintenance_Schedule.pdf,pdf,application/pdf,False,,Internal,Facilities Maintenance Schedule,FCT-2026-E49CD9,elevator inspection; parking lot paint; lighting upgrade; HVAC filter,4104
0679_related_q006_National_Reputation_Risk_Watchlist.pptx,pptx,application/vnd.openxmlformats-officedocument.presentationml.presentation,True,6,Top Secret,National Reputation Risk Watchlist,FCT-2026-649838,bribery; international criticism; diplomatic crisis; human rights violation; corruption; scandal; censorship; money laundering,30369
0680_related_q014_Strategic_Warehouse_and_Logistics_Reserv.html,html,text/html,True,14,Secret,Strategic Warehouse and Logistics Reserve Register,FCT-2026-B6FEFE,supply depot; inventory reserve; logistics center; fuel depot; emergency stockpile; strategic reserve; warehouse; storage facility,3138
0681_related_q008_Diplomatic_Negotiation_Status_Memo.rtf,rtf,application/rtf,True,8,Secret,Diplomatic Negotiation Status Memo,FCT-2026-9333A2,foreign ministry; treaty; consulate; strategic partnership; diplomatic cable; diplomatic note; MOU; embassy,2212
0682_related_q001_Restricted_Defense_Asset_Inventory_Brief.xlsx,xlsx,application/vnd.openxmlformats-officedocument.spreadsheetml.sheet,True,1,Top Secret,Restricted Defense Asset Inventory Brief,FCT-2026-5FEE1C,fighter aircraft; armory; UAV; arsenal; Royal Saudi Air Force; Ministry of Defense; drone; explosives,7193
0683_unrelated_q101_Office_Cafeteria_Weekly_Menu.xml,xml,text/xml,False,,Public,Office Cafeteria Weekly Menu,FCT-2026-8DA19A,lunch special; vegetarian option; coffee station; dessert bar,1731
0684_related_q006_National_Reputation_Risk_Watchlist.log,log,text/log,True,6,Top Secret,National Reputation Risk Watchlist,FCT-2026-76AD07,corruption; media exposure; censorship; sanctions; diplomatic crisis; scandal; international criticism; human rights violation,1941
0685_unrelated_q108_Procurement_Stationery_Order.tsv,tsv,text/tab-separated-values,False,,Internal,Procurement Stationery Order,FCT-2026-B41C09,notebooks; toner cartridge; whiteboard markers; sticky notes,527
0686_unrelated_q104_Facilities_Maintenance_Schedule.svg,svg,image/svg+xml,False,,Internal,Facilities Maintenance Schedule,FCT-2026-710111,elevator inspection; HVAC filter; parking lot paint; lighting upgrade,727
0687_unrelated_q110_Volunteer_Greening_Day_Plan.docx,docx,application/vnd.openxmlformats-officedocument.wordprocessingml.document,False,,Public,Volunteer Greening Day Plan,FCT-2026-4465D6,irrigation hose; tree planting; community garden; recycling bins,37744
0688_unrelated_q102_IT_Helpdesk_Ticket_Summary.md,md,text/markdown,False,,Internal,IT Helpdesk Ticket Summary,FCT-2026-842ADE,printer jam; laptop docking; VPN latency; password reset,2013
0689_related_q012_Export_Continuity_Advisory.mht,mht,multipart/related,True,12,Secret,Export Continuity Advisory,FCT-2026-439D6F,port closure; shipping disruption; customs restriction; export restriction; sanctions; export decline; trade embargo; trade barrier,2749
0690_related_q013_Government_Operations_Disruption_Report.csv,csv,text/csv,True,13,Secret,Government Operations Disruption Report,FCT-2026-EC23F0,system failure; government shutdown; operational disruption; service outage; cyber attack; business continuity; emergency operations; disaster recovery,1006
0691_related_q013_Government_Operations_Disruption_Report.json,json,application/json,True,13,Secret,Government Operations Disruption Report,FCT-2026-BB0E13,disaster recovery; cyber attack; business continuity; system failure; emergency operations; operational disruption; government shutdown; service outage,2616
0692_related_q003_Emergency_Continuity_and_Engagement_Proc.txt,txt,text/plain,True,3,Top Secret,Emergency Continuity and Engagement Procedures,FCT-2026-3C8A48,mobilization plan; evacuation plan; defense strategy; continuity of government; emergency response; military doctrine; rules of engagement; contingency plan,2681
0693_related_q004_Cryptographic_Key_Custody_Log.zip,zip,application/zip,True,4,Top Secret,Cryptographic Key Custody Log,FCT-2026-725A80,RSA; cryptographic key; TLS certificate; HSM; root certificate; VPN key; PKI; secret key,1348
0694_related_q001_Restricted_Defense_Asset_Inventory_Brief.eml,eml,message/rfc822,True,1,Top Secret,Restricted Defense Asset Inventory Brief,FCT-2026-B542D8,fighter aircraft; Royal Saudi Air Force; artillery; air defense; military base; UAV; Ministry of Defense; missile,2892
0695_unrelated_q110_Volunteer_Greening_Day_Plan.pdf,pdf,application/pdf,False,,Public,Volunteer Greening Day Plan,FCT-2026-AF51CD,irrigation hose; community garden; tree planting; recycling bins,4086
0696_unrelated_q101_Office_Cafeteria_Weekly_Menu.pptx,pptx,application/vnd.openxmlformats-officedocument.presentationml.presentation,False,,Public,Office Cafeteria Weekly Menu,FCT-2026-EC98A6,lunch special; coffee station; vegetarian option; dessert bar,30221
0697_related_q001_Restricted_Defense_Asset_Inventory_Brief.html,html,text/html,True,1,Top Secret,Restricted Defense Asset Inventory Brief,FCT-2026-985C59,ballistic missile; military base; explosives; artillery; Royal Saudi Air Force; weapons cache; Ministry of Defense; ammunition depot,3099
0698_related_q006_National_Reputation_Risk_Watchlist.rtf,rtf,application/rtf,True,6,Top Secret,National Reputation Risk Watchlist,FCT-2026-9E36B3,sanctions; diplomatic crisis; money laundering; corruption; censorship; scandal; bribery; international criticism,2210
0699_unrelated_q105_Marketing_Campaign_Retro.xlsx,xlsx,application/vnd.openxmlformats-officedocument.spreadsheetml.sheet,False,,Internal,Marketing Campaign Retro,FCT-2026-F68CEC,newsletter open rate; social media post; click-through rate; brand awareness,6867
0700_unrelated_q103_Employee_Wellness_Newsletter.xml,xml,text/xml,False,,Public,Employee Wellness Newsletter,FCT-2026-378348,hydration tips; yoga session; ergonomic chair; step challenge,1710
0701_related_q014_Strategic_Warehouse_and_Logistics_Reserv.log,log,text/log,True,14,Secret,Strategic Warehouse and Logistics Reserve Register,FCT-2026-7A728B,storage facility; emergency stockpile; logistics center; fuel depot; inventory reserve; warehouse; strategic reserve; supply depot,1977
0702_related_q002_Force_and_VIP_Movement_Coordination_Note.tsv,tsv,text/tab-separated-values,True,2,Top Secret,Force and VIP Movement Coordination Note,FCT-2026-6226B9,deployment; military exercise; troop movement; motorcade; checkpoint; VIP movement; Royal Guard; patrol route,613
0703_unrelated_q108_Procurement_Stationery_Order.svg,svg,image/svg+xml,False,,Internal,Procurement Stationery Order,FCT-2026-4DF361,notebooks; sticky notes; whiteboard markers; toner cartridge,710
0704_related_q001_Restricted_Defense_Asset_Inventory_Brief.docx,docx,application/vnd.openxmlformats-officedocument.wordprocessingml.document,True,1,Top Secret,Restricted Defense Asset Inventory Brief,FCT-2026-8E0BCD,military base; Royal Saudi Air Force; UAV; armory; explosives; tank; Ministry of Defense; weapons cache,37935
0705_related_q006_National_Reputation_Risk_Watchlist.md,md,text/markdown,True,6,Top Secret,National Reputation Risk Watchlist,FCT-2026-0F1473,media exposure; bribery; international criticism; diplomatic crisis; corruption; money laundering; sanctions; scandal,2662
0706_unrelated_q105_Marketing_Campaign_Retro.mht,mht,multipart/related,False,,Internal,Marketing Campaign Retro,FCT-2026-16DEFF,brand awareness; social media post; click-through rate; newsletter open rate,2100
0707_related_q005_Critical_Infrastructure_Resilience_Bulle.csv,csv,text/csv,True,5,Top Secret,Critical Infrastructure Resilience Bulletin,FCT-2026-239708,critical infrastructure; refinery; telecommunications outage; power grid; water treatment; seaport; gas plant; oil production,993
0708_related_q013_Government_Operations_Disruption_Report.json,json,application/json,True,13,Secret,Government Operations Disruption Report,FCT-2026-9FF23D,service outage; disaster recovery; cyber attack; emergency operations; government shutdown; business continuity; operational disruption; system failure,2605
0709_unrelated_q107_Sports_Club_Training_Roster.txt,txt,text/plain,False,,Public,Sports Club Training Roster,FCT-2026-CB69D8,coach notes; attendance sheet; injury recovery; football drills,1915
0710_unrelated_q110_Volunteer_Greening_Day_Plan.zip,zip,application/zip,False,,Public,Volunteer Greening Day Plan,FCT-2026-CFDF9B,recycling bins; tree planting; irrigation hose; community garden,1141
0711_related_q008_Diplomatic_Negotiation_Status_Memo.eml,eml,message/rfc822,True,8,Secret,Diplomatic Negotiation Status Memo,FCT-2026-5D094F,consulate; strategic partnership; embassy; classified negotiation; foreign ministry; bilateral agreement; treaty; diplomatic note,2923
0712_unrelated_q108_Procurement_Stationery_Order.pdf,pdf,application/pdf,False,,Internal,Procurement Stationery Order,FCT-2026-15EDAB,whiteboard markers; toner cartridge; sticky notes; notebooks,4084
0713_related_q009_Labor_Market_Stability_Brief.pptx,pptx,application/vnd.openxmlformats-officedocument.presentationml.presentation,True,9,Secret,Labor Market Stability Brief,FCT-2026-9C2C43,workforce reduction; mass layoff; labor shortage; Saudization; Nitaqat; employment crisis; wage reduction; unemployment,30350
0714_related_q008_Diplomatic_Negotiation_Status_Memo.html,html,text/html,True,8,Secret,Diplomatic Negotiation Status Memo,FCT-2026-B3B2FC,treaty; foreign ministry; strategic partnership; embassy; consulate; classified negotiation; MOU; diplomatic cable,3045
0715_related_q003_Emergency_Continuity_and_Engagement_Proc.rtf,rtf,application/rtf,True,3,Top Secret,Emergency Continuity and Engagement Procedures,FCT-2026-8837BC,defense strategy; command structure; evacuation plan; battle plan; military doctrine; contingency plan; rules of engagement; war plan,2297
0716_unrelated_q104_Facilities_Maintenance_Schedule.xlsx,xlsx,application/vnd.openxmlformats-officedocument.spreadsheetml.sheet,False,,Internal,Facilities Maintenance Schedule,FCT-2026-742092,HVAC filter; elevator inspection; parking lot paint; lighting upgrade,6831
0717_unrelated_q103_Employee_Wellness_Newsletter.xml,xml,text/xml,False,,Public,Employee Wellness Newsletter,FCT-2026-F63088,ergonomic chair; hydration tips; yoga session; step challenge,1694
0718_related_q009_Labor_Market_Stability_Brief.log,log,text/log,True,9,Secret,Labor Market Stability Brief,FCT-2026-FFC9BA,Saudization; recruitment freeze; labor shortage; wage reduction; unemployment; Nitaqat; workforce reduction; mass layoff,1949
0719_unrelated_q108_Procurement_Stationery_Order.tsv,tsv,text/tab-separated-values,False,,Internal,Procurement Stationery Order,FCT-2026-DF6198,notebooks; toner cartridge; whiteboard markers; sticky notes,512
0720_unrelated_q109_Weather_Outlook_for_Field_Picnic.svg,svg,image/svg+xml,False,,Public,Weather Outlook for Field Picnic,FCT-2026-FD442E,UV index; light breeze; sunny intervals; picnic blankets,713
0721_unrelated_q110_Volunteer_Greening_Day_Plan.docx,docx,application/vnd.openxmlformats-officedocument.wordprocessingml.document,False,,Public,Volunteer Greening Day Plan,FCT-2026-5F8075,irrigation hose; tree planting; community garden; recycling bins,37733
0722_related_q013_Government_Operations_Disruption_Report.md,md,text/markdown,True,13,Secret,Government Operations Disruption Report,FCT-2026-F06BCA,disaster recovery; system failure; emergency operations; government shutdown; cyber attack; business continuity; service outage; operational disruption,2766
0723_related_q013_Government_Operations_Disruption_Report.mht,mht,multipart/related,True,13,Secret,Government Operations Disruption Report,FCT-2026-57CE08,disaster recovery; business continuity; cyber attack; emergency operations; operational disruption; government shutdown; system failure; service outage,2899
0724_related_q013_Government_Operations_Disruption_Report.csv,csv,text/csv,True,13,Secret,Government Operations Disruption Report,FCT-2026-A4A495,disaster recovery; emergency operations; service outage; business continuity; operational disruption; government shutdown; cyber attack; system failure,1017
0725_related_q014_Strategic_Warehouse_and_Logistics_Reserv.json,json,application/json,True,14,Secret,Strategic Warehouse and Logistics Reserve Register,FCT-2026-DA3944,emergency stockpile; strategic reserve; inventory reserve; warehouse; fuel depot; supply depot; logistics center; storage facility,2585
0726_related_q004_Cryptographic_Key_Custody_Log.txt,txt,text/plain,True,4,Top Secret,Cryptographic Key Custody Log,FCT-2026-3A2754,private key; RSA; certificate authority; cryptographic key; root certificate; HSM; TLS certificate; secret key,2551
0727_unrelated_q110_Volunteer_Greening_Day_Plan.zip,zip,application/zip,False,,Public,Volunteer Greening Day Plan,FCT-2026-7D0B2B,irrigation hose; recycling bins; tree planting; community garden,1148
0728_related_q014_Strategic_Warehouse_and_Logistics_Reserv.eml,eml,message/rfc822,True,14,Secret,Strategic Warehouse and Logistics Reserve Register,FCT-2026-040F0F,fuel depot; emergency stockpile; strategic reserve; storage facility; inventory reserve; logistics center; warehouse; supply depot,2962
0729_related_q010_Strategic_Resource_Outlook.pdf,pdf,application/pdf,True,10,Secret,Strategic Resource Outlook,FCT-2026-2E00B7,petroleum exports; production quota; natural gas; mining; oil reserve; OPEC; commodity price; resource depletion,4371
0730_related_q013_Government_Operations_Disruption_Report.pptx,pptx,application/vnd.openxmlformats-officedocument.presentationml.presentation,True,13,Secret,Government Operations Disruption Report,FCT-2026-11D2EA,emergency operations; cyber attack; disaster recovery; government shutdown; system failure; business continuity; operational disruption; service outage,30386
0731_related_q008_Diplomatic_Negotiation_Status_Memo.html,html,text/html,True,8,Secret,Diplomatic Negotiation Status Memo,FCT-2026-9363D5,diplomatic cable; consulate; strategic partnership; MOU; bilateral agreement; foreign ministry; diplomatic note; classified negotiation,3089
0732_unrelated_q105_Marketing_Campaign_Retro.rtf,rtf,application/rtf,False,,Internal,Marketing Campaign Retro,FCT-2026-3C9FB3,click-through rate; brand awareness; social media post; newsletter open rate,1639
0733_related_q002_Force_and_VIP_Movement_Coordination_Note.xlsx,xlsx,application/vnd.openxmlformats-officedocument.spreadsheetml.sheet,True,2,Top Secret,Force and VIP Movement Coordination Note,FCT-2026-8FBB09,motorcade; National Guard; VIP movement; deployment; Royal Guard; escort; patrol route; checkpoint,7158
0734_related_q013_Government_Operations_Disruption_Report.xml,xml,text/xml,True,13,Secret,Government Operations Disruption Report,FCT-2026-C6A7A0,government shutdown; operational disruption; disaster recovery; service outage; cyber attack; business continuity; system failure; emergency operations,2207
0735_related_q005_Critical_Infrastructure_Resilience_Bulle.log,log,text/log,True,5,Top Secret,Critical Infrastructure Resilience Bulletin,FCT-2026-080A2F,oil production; airport shutdown; pipeline; water treatment; blackout; gas plant; ICS; SCADA,1936
0736_related_q006_National_Reputation_Risk_Watchlist.tsv,tsv,text/tab-separated-values,True,6,Top Secret,National Reputation Risk Watchlist,FCT-2026-3C38F8,diplomatic crisis; international criticism; censorship; scandal; sanctions; corruption; money laundering; media exposure,616
0737_related_q012_Export_Continuity_Advisory.svg,svg,image/svg+xml,True,12,Secret,Export Continuity Advisory,FCT-2026-7B8DFB,trade embargo; customs restriction; export decline; export restriction; shipping disruption; trade barrier; sanctions; port closure,790
0738_related_q006_National_Reputation_Risk_Watchlist.docx,docx,application/vnd.openxmlformats-officedocument.wordprocessingml.document,True,6,Top Secret,National Reputation Risk Watchlist,FCT-2026-B10F6F,international criticism; scandal; human rights violation; sanctions; money laundering; censorship; diplomatic crisis; bribery,37948
0739_unrelated_q102_IT_Helpdesk_Ticket_Summary.md,md,text/markdown,False,,Internal,IT Helpdesk Ticket Summary,FCT-2026-B189AF,laptop docking; printer jam; VPN latency; password reset,2030
0740_related_q003_Emergency_Continuity_and_Engagement_Proc.mht,mht,multipart/related,True,3,Top Secret,Emergency Continuity and Engagement Procedures,FCT-2026-7E9B63,war plan; defense strategy; continuity of government; evacuation plan; contingency plan; military doctrine; rules of engagement; mobilization plan,2888
0741_unrelated_q102_IT_Helpdesk_Ticket_Summary.csv,csv,text/csv,False,,Internal,IT Helpdesk Ticket Summary,FCT-2026-B7A848,printer jam; laptop docking; password reset; VPN latency,699
0742_unrelated_q105_Marketing_Campaign_Retro.json,json,application/json,False,,Internal,Marketing Campaign Retro,FCT-2026-06DE2C,brand awareness; click-through rate; social media post; newsletter open rate,2029
0743_unrelated_q102_IT_Helpdesk_Ticket_Summary.txt,txt,text/plain,False,,Internal,IT Helpdesk Ticket Summary,FCT-2026-2C39D8,VPN latency; password reset; laptop docking; printer jam,1906
0744_related_q009_Labor_Market_Stability_Brief.zip,zip,application/zip,True,9,Secret,Labor Market Stability Brief,FCT-2026-E5F492,workforce reduction; recruitment freeze; Nitaqat; employment crisis; mass layoff; unemployment; Saudization; labor shortage,1377
0745_related_q010_Strategic_Resource_Outlook.eml,eml,message/rfc822,True,10,Secret,Strategic Resource Outlook,FCT-2026-7A2CD3,production quota; OPEC; mining; resource depletion; oil reserve; commodity price; petroleum exports; crude oil,2832
0746_unrelated_q104_Facilities_Maintenance_Schedule.pdf,pdf,application/pdf,False,,Internal,Facilities Maintenance Schedule,FCT-2026-B70457,lighting upgrade; parking lot paint; HVAC filter; elevator inspection,4085
0747_related_q006_National_Reputation_Risk_Watchlist.pptx,pptx,application/vnd.openxmlformats-officedocument.presentationml.presentation,True,6,Top Secret,National Reputation Risk Watchlist,FCT-2026-73E26F,media exposure; human rights violation; international criticism; scandal; censorship; bribery; sanctions; corruption,30367
0748_unrelated_q103_Employee_Wellness_Newsletter.html,html,text/html,False,,Public,Employee Wellness Newsletter,FCT-2026-A2B796,yoga session; hydration tips; step challenge; ergonomic chair,2383
0749_related_q009_Labor_Market_Stability_Brief.rtf,rtf,application/rtf,True,9,Secret,Labor Market Stability Brief,FCT-2026-B4C3DC,labor shortage; mass layoff; workforce reduction; recruitment freeze; wage reduction; Nitaqat; Saudization; unemployment,2224
0750_unrelated_q110_Volunteer_Greening_Day_Plan.xlsx,xlsx,application/vnd.openxmlformats-officedocument.spreadsheetml.sheet,False,,Public,Volunteer Greening Day Plan,FCT-2026-8E6800,recycling bins; irrigation hose; tree planting; community garden,6866
0751_unrelated_q109_Weather_Outlook_for_Field_Picnic.xml,xml,text/xml,False,,Public,Weather Outlook for Field Picnic,FCT-2026-3AC2CB,sunny intervals; UV index; picnic blankets; light breeze,1717
0752_related_q005_Critical_Infrastructure_Resilience_Bulle.log,log,text/log,True,5,Top Secret,Critical Infrastructure Resilience Bulletin,FCT-2026-71DC5E,water treatment; seaport; gas plant; ICS; refinery; blackout; oil production; SCADA,1915
0753_related_q001_Restricted_Defense_Asset_Inventory_Brief.tsv,tsv,text/tab-separated-values,True,1,Top Secret,Restricted Defense Asset Inventory Brief,FCT-2026-9D592F,explosives; fighter aircraft; UAV; missile; weapons cache; drone; military base; ballistic missile,607
0754_related_q014_Strategic_Warehouse_and_Logistics_Reserv.svg,svg,image/svg+xml,True,14,Secret,Strategic Warehouse and Logistics Reserve Register,FCT-2026-546102,strategic reserve; supply depot; inventory reserve; emergency stockpile; fuel depot; storage facility; logistics center; warehouse,809
0755_related_q013_Government_Operations_Disruption_Report.docx,docx,application/vnd.openxmlformats-officedocument.wordprocessingml.document,True,13,Secret,Government Operations Disruption Report,FCT-2026-93D997,business continuity; operational disruption; government shutdown; system failure; emergency operations; service outage; disaster recovery; cyber attack,37934
0756_related_q006_National_Reputation_Risk_Watchlist.md,md,text/markdown,True,6,Top Secret,National Reputation Risk Watchlist,FCT-2026-E1160C,media exposure; corruption; censorship; money laundering; diplomatic crisis; international criticism; scandal; sanctions,2644
0757_unrelated_q107_Sports_Club_Training_Roster.mht,mht,multipart/related,False,,Public,Sports Club Training Roster,FCT-2026-AB0576,football drills; coach notes; injury recovery; attendance sheet,2063
0758_unrelated_q107_Sports_Club_Training_Roster.csv,csv,text/csv,False,,Public,Sports Club Training Roster,FCT-2026-1A222E,football drills; injury recovery; attendance sheet; coach notes,716
0759_unrelated_q109_Weather_Outlook_for_Field_Picnic.json,json,application/json,False,,Public,Weather Outlook for Field Picnic,FCT-2026-2AB10E,picnic blankets; sunny intervals; UV index; light breeze,2013
0760_related_q003_Emergency_Continuity_and_Engagement_Proc.txt,txt,text/plain,True,3,Top Secret,Emergency Continuity and Engagement Procedures,FCT-2026-39869E,mobilization plan; evacuation plan; command structure; war plan; rules of engagement; military doctrine; defense strategy; emergency response,2647
0761_related_q008_Diplomatic_Negotiation_Status_Memo.zip,zip,application/zip,True,8,Secret,Diplomatic Negotiation Status Memo,FCT-2026-D7928C,treaty; classified negotiation; embassy; strategic partnership; foreign ministry; diplomatic cable; diplomatic note; consulate,1366
0762_related_q001_Restricted_Defense_Asset_Inventory_Brief.eml,eml,message/rfc822,True,1,Top Secret,Restricted Defense Asset Inventory Brief,FCT-2026-B6BCCC,ammunition depot; ballistic missile; weapons cache; drone; armory; arsenal; Ministry of Defense; explosives,2875
0763_unrelated_q103_Employee_Wellness_Newsletter.pdf,pdf,application/pdf,False,,Public,Employee Wellness Newsletter,FCT-2026-C7B1B2,yoga session; hydration tips; step challenge; ergonomic chair,4105
0764_related_q015_Vital_National_Installation_Status_Sheet.pptx,pptx,application/vnd.openxmlformats-officedocument.presentationml.presentation,True,15,Secret,Vital National Installation Status Sheet,FCT-2026-673C67,military base; oil refinery; government facility; substation; desalination plant; power station; seaport; command center,30361
0765_unrelated_q103_Employee_Wellness_Newsletter.html,html,text/html,False,,Public,Employee Wellness Newsletter,FCT-2026-2792DC,yoga session; ergonomic chair; hydration tips; step challenge,2391
0766_related_q005_Critical_Infrastructure_Resilience_Bulle.rtf,rtf,application/rtf,True,5,Top Secret,Critical Infrastructure Resilience Bulletin,FCT-2026-2C5BC1,gas plant; water treatment; power grid; critical infrastructure; ICS; airport shutdown; pipeline; seaport,2219
0767_related_q015_Vital_National_Installation_Status_Sheet.xlsx,xlsx,application/vnd.openxmlformats-officedocument.spreadsheetml.sheet,True,15,Secret,Vital National Installation Status Sheet,FCT-2026-AE49DE,seaport; telecom exchange; oil refinery; military base; substation; government facility; power station; desalination plant,7177
0768_related_q012_Export_Continuity_Advisory.xml,xml,text/xml,True,12,Secret,Export Continuity Advisory,FCT-2026-695B76,trade embargo; customs restriction; export decline; trade barrier; shipping disruption; export restriction; port closure; sanctions,2116
0769_related_q004_Cryptographic_Key_Custody_Log.log,log,text/log,True,4,Top Secret,Cryptographic Key Custody Log,FCT-2026-3F286D,root certificate; HSM; RSA; VPN key; TLS certificate; key management; private key; certificate authority,1918
0770_related_q009_Labor_Market_Stability_Brief.tsv,tsv,text/tab-separated-values,True,9,Secret,Labor Market Stability Brief,FCT-2026-738F91,labor shortage; mass layoff; wage reduction; workforce reduction; employment crisis; Saudization; recruitment freeze; unemployment,639
0771_related_q013_Government_Operations_Disruption_Report.svg,svg,image/svg+xml,True,13,Secret,Government Operations Disruption Report,FCT-2026-D80445,government shutdown; disaster recovery; system failure; cyber attack; business continuity; operational disruption; service outage; emergency operations,810
0772_unrelated_q107_Sports_Club_Training_Roster.docx,docx,application/vnd.openxmlformats-officedocument.wordprocessingml.document,False,,Public,Sports Club Training Roster,FCT-2026-3F77F0,coach notes; attendance sheet; injury recovery; football drills,37712
0773_unrelated_q109_Weather_Outlook_for_Field_Picnic.md,md,text/markdown,False,,Public,Weather Outlook for Field Picnic,FCT-2026-54E4A7,picnic blankets; UV index; light breeze; sunny intervals,2007
0774_related_q001_Restricted_Defense_Asset_Inventory_Brief.mht,mht,multipart/related,True,1,Top Secret,Restricted Defense Asset Inventory Brief,FCT-2026-5436CF,weapons cache; drone; fighter aircraft; ammunition depot; artillery; missile; military base; ballistic missile,2731
0775_related_q007_Counter-Terrorism_Threat_Digest.csv,csv,text/csv,True,7,Top Secret,Counter-Terrorism Threat Digest,FCT-2026-BE8D1E,IED; bomb; radicalization; extremist; ISIS; suicide attack; violent extremism; attack plan,907
0776_related_q007_Counter-Terrorism_Threat_Digest.json,json,application/json,True,7,Top Secret,Counter-Terrorism Threat Digest,FCT-2026-87A532,hostage; terrorist; bomb; IED; attack plan; suicide attack; Al-Qaeda; terrorism,2391
0777_related_q012_Export_Continuity_Advisory.txt,txt,text/plain,True,12,Secret,Export Continuity Advisory,FCT-2026-7F1131,trade barrier; sanctions; port closure; customs restriction; shipping disruption; export restriction; export decline; trade embargo,2555
0778_unrelated_q109_Weather_Outlook_for_Field_Picnic.zip,zip,application/zip,False,,Public,Weather Outlook for Field Picnic,FCT-2026-D71216,picnic blankets; UV index; light breeze; sunny intervals,1145
0779_related_q007_Counter-Terrorism_Threat_Digest.eml,eml,message/rfc822,True,7,Top Secret,Counter-Terrorism Threat Digest,FCT-2026-D53367,extremist; ISIS; violent extremism; Daesh; suicide attack; radicalization; Al-Qaeda; terrorist,2824
0780_related_q012_Export_Continuity_Advisory.pdf,pdf,application/pdf,True,12,Secret,Export Continuity Advisory,FCT-2026-6B1AEC,trade barrier; shipping disruption; sanctions; export restriction; trade embargo; customs restriction; export decline; port closure,4329
0781_related_q013_Government_Operations_Disruption_Report.pptx,pptx,application/vnd.openxmlformats-officedocument.presentationml.presentation,True,13,Secret,Government Operations Disruption Report,FCT-2026-D1A0CC,emergency operations; system failure; government shutdown; service outage; operational disruption; business continuity; disaster recovery; cyber attack,30384
0782_unrelated_q109_Weather_Outlook_for_Field_Picnic.html,html,text/html,False,,Public,Weather Outlook for Field Picnic,FCT-2026-BE67B8,UV index; sunny intervals; light breeze; picnic blankets,2392
0783_related_q002_Force_and_VIP_Movement_Coordination_Note.rtf,rtf,application/rtf,True,2,Top Secret,Force and VIP Movement Coordination Note,FCT-2026-FD4177,troop movement; mobilization; escort; Royal Guard; VIP movement; operational route; convoy; patrol route,2197
0784_unrelated_q101_Office_Cafeteria_Weekly_Menu.xlsx,xlsx,application/vnd.openxmlformats-officedocument.spreadsheetml.sheet,False,,Public,Office Cafeteria Weekly Menu,FCT-2026-725546,lunch special; dessert bar; coffee station; vegetarian option,6841
0785_related_q011_International_Commercial_Partnership_Sum.xml,xml,text/xml,True,11,Secret,International Commercial Partnership Summary,FCT-2026-481605,strategic supplier; strategic partnership; commercial agreement; foreign investment; joint venture; sovereign investment; technology transfer; investment agreement,2217
0786_unrelated_q105_Marketing_Campaign_Retro.log,log,text/log,False,,Internal,Marketing Campaign Retro,FCT-2026-17675C,newsletter open rate; social media post; brand awareness; click-through rate,1442
0787_unrelated_q105_Marketing_Campaign_Retro.tsv,tsv,text/tab-separated-values,False,,Internal,Marketing Campaign Retro,FCT-2026-99A6BD,newsletter open rate; brand awareness; click-through rate; social media post,519
0788_related_q014_Strategic_Warehouse_and_Logistics_Reserv.svg,svg,image/svg+xml,True,14,Secret,Strategic Warehouse and Logistics Reserve Register,FCT-2026-E08ABD,strategic reserve; logistics center; storage facility; warehouse; emergency stockpile; supply depot; fuel depot; inventory reserve,807
0789_related_q008_Diplomatic_Negotiation_Status_Memo.docx,docx,application/vnd.openxmlformats-officedocument.wordprocessingml.document,True,8,Secret,Diplomatic Negotiation Status Memo,FCT-2026-849DFB,strategic partnership; foreign ministry; bilateral agreement; treaty; consulate; MOU; diplomatic cable; classified negotiation,37903
0790_related_q011_International_Commercial_Partnership_Sum.md,md,text/markdown,True,11,Secret,International Commercial Partnership Summary,FCT-2026-D97C4B,strategic supplier; foreign investment; joint venture; technology transfer; strategic partnership; sovereign investment; commercial agreement; investment agreement,2813
0791_related_q014_Strategic_Warehouse_and_Logistics_Reserv.mht,mht,multipart/related,True,14,Secret,Strategic Warehouse and Logistics Reserve Register,FCT-2026-7D0609,fuel depot; strategic reserve; storage facility; logistics center; emergency stockpile; inventory reserve; warehouse; supply depot,2853
0792_unrelated_q110_Volunteer_Greening_Day_Plan.csv,csv,text/csv,False,,Public,Volunteer Greening Day Plan,FCT-2026-867E01,irrigation hose; recycling bins; tree planting; community garden,726
0793_unrelated_q104_Facilities_Maintenance_Schedule.json,json,application/json,False,,Internal,Facilities Maintenance Schedule,FCT-2026-EB9CA7,HVAC filter; elevator inspection; lighting upgrade; parking lot paint,2036
0794_related_q011_International_Commercial_Partnership_Sum.txt,txt,text/plain,True,11,Secret,International Commercial Partnership Summary,FCT-2026-E1A9A4,strategic partnership; strategic supplier; sovereign investment; commercial agreement; foreign investment; technology transfer; joint venture; investment agreement,2696
0795_related_q001_Restricted_Defense_Asset_Inventory_Brief.zip,zip,application/zip,True,1,Top Secret,Restricted Defense Asset Inventory Brief,FCT-2026-14BFDB,arsenal; missile; military base; fighter aircraft; weapons cache; armory; ballistic missile; Ministry of Defense,1368
0796_unrelated_q105_Marketing_Campaign_Retro.eml,eml,message/rfc822,False,,Internal,Marketing Campaign Retro,FCT-2026-E4ACED,click-through rate; social media post; brand awareness; newsletter open rate,2255
0797_unrelated_q101_Office_Cafeteria_Weekly_Menu.pdf,pdf,application/pdf,False,,Public,Office Cafeteria Weekly Menu,FCT-2026-E192AD,dessert bar; vegetarian option; lunch special; coffee station,4110
0798_related_q001_Restricted_Defense_Asset_Inventory_Brief.pptx,pptx,application/vnd.openxmlformats-officedocument.presentationml.presentation,True,1,Top Secret,Restricted Defense Asset Inventory Brief,FCT-2026-8E82AF,missile; Royal Saudi Air Force; explosives; artillery; ballistic missile; military base; fighter aircraft; tank,30378
0799_unrelated_q109_Weather_Outlook_for_Field_Picnic.html,html,text/html,False,,Public,Weather Outlook for Field Picnic,FCT-2026-3B00A2,UV index; light breeze; sunny intervals; picnic blankets,2389
0800_related_q006_National_Reputation_Risk_Watchlist.rtf,rtf,application/rtf,True,6,Top Secret,National Reputation Risk Watchlist,FCT-2026-B1251D,scandal; corruption; human rights violation; bribery; diplomatic crisis; money laundering; international criticism; censorship,2245
0801_unrelated_q105_Marketing_Campaign_Retro.xlsx,xlsx,application/vnd.openxmlformats-officedocument.spreadsheetml.sheet,False,,Internal,Marketing Campaign Retro,FCT-2026-E5EFBD,social media post; newsletter open rate; brand awareness; click-through rate,6865
0802_related_q009_Labor_Market_Stability_Brief.xml,xml,text/xml,True,9,Secret,Labor Market Stability Brief,FCT-2026-467DF9,wage reduction; Saudization; mass layoff; recruitment freeze; Nitaqat; labor shortage; unemployment; employment crisis,2088
0803_unrelated_q110_Volunteer_Greening_Day_Plan.log,log,text/log,False,,Public,Volunteer Greening Day Plan,FCT-2026-DCFE13,tree planting; irrigation hose; recycling bins; community garden,1440
0804_related_q011_International_Commercial_Partnership_Sum.tsv,tsv,text/tab-separated-values,True,11,Secret,International Commercial Partnership Summary,FCT-2026-47B2E9,sovereign investment; strategic partnership; strategic supplier; investment agreement; commercial agreement; technology transfer; foreign investment; joint venture,678
0805_unrelated_q104_Facilities_Maintenance_Schedule.svg,svg,image/svg+xml,False,,Internal,Facilities Maintenance Schedule,FCT-2026-939295,parking lot paint; elevator inspection; HVAC filter; lighting upgrade,727
0806_related_q011_International_Commercial_Partnership_Sum.docx,docx,application/vnd.openxmlformats-officedocument.wordprocessingml.document,True,11,Secret,International Commercial Partnership Summary,FCT-2026-7CC125,joint venture; sovereign investment; strategic partnership; strategic supplier; investment agreement; technology transfer; commercial agreement; foreign investment,37942
0807_unrelated_q102_IT_Helpdesk_Ticket_Summary.md,md,text/markdown,False,,Internal,IT Helpdesk Ticket Summary,FCT-2026-72E20C,password reset; VPN latency; printer jam; laptop docking,2005
0808_related_q007_Counter-Terrorism_Threat_Digest.mht,mht,multipart/related,True,7,Top Secret,Counter-Terrorism Threat Digest,FCT-2026-398EF0,terrorist; IED; violent extremism; VBIED; bomb; Daesh; hostage; ISIS,2572
0809_unrelated_q103_Employee_Wellness_Newsletter.csv,csv,text/csv,False,,Public,Employee Wellness Newsletter,FCT-2026-15EF42,hydration tips; ergonomic chair; step challenge; yoga session,706
0810_unrelated_q104_Facilities_Maintenance_Schedule.json,json,application/json,False,,Internal,Facilities Maintenance Schedule,FCT-2026-1F3C50,lighting upgrade; elevator inspection; parking lot paint; HVAC filter,2055
0811_related_q002_Force_and_VIP_Movement_Coordination_Note.txt,txt,text/plain,True,2,Top Secret,Force and VIP Movement Coordination Note,FCT-2026-9D2703,motorcade; convoy; National Guard; checkpoint; troop movement; military exercise; Royal Guard; escort,2507
0812_unrelated_q109_Weather_Outlook_for_Field_Picnic.zip,zip,application/zip,False,,Public,Weather Outlook for Field Picnic,FCT-2026-E16C9F,sunny intervals; UV index; light breeze; picnic blankets,1155
0813_unrelated_q106_Library_Acquisition_List.eml,eml,message/rfc822,False,,Public,Library Acquisition List,FCT-2026-0A3EC4,cataloguing; fiction collection; reading club; interlibrary loan,2234
0814_related_q013_Government_Operations_Disruption_Report.pdf,pdf,application/pdf,True,13,Secret,Government Operations Disruption Report,FCT-2026-1668E8,disaster recovery; business continuity; cyber attack; service outage; government shutdown; system failure; emergency operations; operational disruption,4381
0815_related_q005_Critical_Infrastructure_Resilience_Bulle.pptx,pptx,application/vnd.openxmlformats-officedocument.presentationml.presentation,True,5,Top Secret,Critical Infrastructure Resilience Bulletin,FCT-2026-9C9246,pipeline; critical infrastructure; ICS; seaport; refinery; oil production; SCADA; blackout,30336
0816_related_q012_Export_Continuity_Advisory.html,html,text/html,True,12,Secret,Export Continuity Advisory,FCT-2026-47E0C2,trade barrier; sanctions; export restriction; shipping disruption; port closure; export decline; customs restriction; trade embargo,3035
0817_related_q009_Labor_Market_Stability_Brief.rtf,rtf,application/rtf,True,9,Secret,Labor Market Stability Brief,FCT-2026-EFBEF6,Nitaqat; employment crisis; wage reduction; mass layoff; workforce reduction; unemployment; Saudization; labor shortage,2212
0818_related_q001_Restricted_Defense_Asset_Inventory_Brief.xlsx,xlsx,application/vnd.openxmlformats-officedocument.spreadsheetml.sheet,True,1,Top Secret,Restricted Defense Asset Inventory Brief,FCT-2026-5E5ADE,weapons cache; ballistic missile; fighter aircraft; missile; tank; ammunition depot; military base; artillery,7167
0819_related_q008_Diplomatic_Negotiation_Status_Memo.xml,xml,text/xml,True,8,Secret,Diplomatic Negotiation Status Memo,FCT-2026-CDB2C5,diplomatic cable; treaty; MOU; embassy; diplomatic note; consulate; strategic partnership; foreign ministry,2087
0820_related_q005_Critical_Infrastructure_Resilience_Bulle.log,log,text/log,True,5,Top Secret,Critical Infrastructure Resilience Bulletin,FCT-2026-37F493,ICS; blackout; refinery; seaport; telecommunications outage; critical infrastructure; oil production; pipeline,1939
0821_related_q005_Critical_Infrastructure_Resilience_Bulle.tsv,tsv,text/tab-separated-values,True,5,Top Secret,Critical Infrastructure Resilience Bulletin,FCT-2026-1B715A,pipeline; ICS; blackout; SCADA; power grid; seaport; critical infrastructure; oil production,584
0822_unrelated_q109_Weather_Outlook_for_Field_Picnic.svg,svg,image/svg+xml,False,,Public,Weather Outlook for Field Picnic,FCT-2026-7514A7,picnic blankets; light breeze; UV index; sunny intervals,713
0823_unrelated_q106_Library_Acquisition_List.docx,docx,application/vnd.openxmlformats-officedocument.wordprocessingml.document,False,,Public,Library Acquisition List,FCT-2026-4F3225,interlibrary loan; fiction collection; reading club; cataloguing,37709
0824_unrelated_q104_Facilities_Maintenance_Schedule.md,md,text/markdown,False,,Internal,Facilities Maintenance Schedule,FCT-2026-9A3492,lighting upgrade; parking lot paint; HVAC filter; elevator inspection,2040
0825_unrelated_q106_Library_Acquisition_List.mht,mht,multipart/related,False,,Public,Library Acquisition List,FCT-2026-C1B7FA,fiction collection; reading club; cataloguing; interlibrary loan,2075
0826_unrelated_q109_Weather_Outlook_for_Field_Picnic.csv,csv,text/csv,False,,Public,Weather Outlook for Field Picnic,FCT-2026-335398,sunny intervals; picnic blankets; UV index; light breeze,716
0827_related_q012_Export_Continuity_Advisory.json,json,application/json,True,12,Secret,Export Continuity Advisory,FCT-2026-3AECA4,trade barrier; export decline; sanctions; trade embargo; port closure; export restriction; shipping disruption; customs restriction,2491
0828_related_q006_National_Reputation_Risk_Watchlist.txt,txt,text/plain,True,6,Top Secret,National Reputation Risk Watchlist,FCT-2026-512EEA,sanctions; diplomatic crisis; corruption; scandal; censorship; bribery; international criticism; media exposure,2515
0829_related_q012_Export_Continuity_Advisory.zip,zip,application/zip,True,12,Secret,Export Continuity Advisory,FCT-2026-E3509C,customs restriction; trade embargo; port closure; sanctions; export decline; export restriction; shipping disruption; trade barrier,1350
0830_related_q005_Critical_Infrastructure_Resilience_Bulle.eml,eml,message/rfc822,True,5,Top Secret,Critical Infrastructure Resilience Bulletin,FCT-2026-6E0537,SCADA; seaport; critical infrastructure; airport shutdown; water treatment; pipeline; refinery; oil production,2903
0831_unrelated_q109_Weather_Outlook_for_Field_Picnic.pdf,pdf,application/pdf,False,,Public,Weather Outlook for Field Picnic,FCT-2026-4823B7,picnic blankets; light breeze; UV index; sunny intervals,4096
0832_related_q013_Government_Operations_Disruption_Report.pptx,pptx,application/vnd.openxmlformats-officedocument.presentationml.presentation,True,13,Secret,Government Operations Disruption Report,FCT-2026-BDE0A9,operational disruption; cyber attack; system failure; disaster recovery; government shutdown; business continuity; service outage; emergency operations,30386
0833_related_q006_National_Reputation_Risk_Watchlist.html,html,text/html,True,6,Top Secret,National Reputation Risk Watchlist,FCT-2026-2257F5,media exposure; sanctions; corruption; money laundering; scandal; diplomatic crisis; bribery; censorship,2998
0834_unrelated_q104_Facilities_Maintenance_Schedule.rtf,rtf,application/rtf,False,,Internal,Facilities Maintenance Schedule,FCT-2026-2705D9,parking lot paint; HVAC filter; elevator inspection; lighting upgrade,1645
0835_related_q002_Force_and_VIP_Movement_Coordination_Note.xlsx,xlsx,application/vnd.openxmlformats-officedocument.spreadsheetml.sheet,True,2,Top Secret,Force and VIP Movement Coordination Note,FCT-2026-82518E,VIP movement; Royal Guard; motorcade; deployment; patrol route; convoy; mobilization; troop movement,7187
0836_unrelated_q101_Office_Cafeteria_Weekly_Menu.xml,xml,text/xml,False,,Public,Office Cafeteria Weekly Menu,FCT-2026-2CCDFD,vegetarian option; dessert bar; lunch special; coffee station,1725
0837_unrelated_q103_Employee_Wellness_Newsletter.log,log,text/log,False,,Public,Employee Wellness Newsletter,FCT-2026-91D21C,yoga session; hydration tips; ergonomic chair; step challenge,1432
0838_related_q008_Diplomatic_Negotiation_Status_Memo.tsv,tsv,text/tab-separated-values,True,8,Secret,Diplomatic Negotiation Status Memo,FCT-2026-CA981B,classified negotiation; foreign ministry; diplomatic cable; treaty; consulate; embassy; diplomatic note; strategic partnership,624
0839_related_q008_Diplomatic_Negotiation_Status_Memo.svg,svg,image/svg+xml,True,8,Secret,Diplomatic Negotiation Status Memo,FCT-2026-356E64,classified negotiation; bilateral agreement; embassy; diplomatic note; strategic partnership; MOU; diplomatic cable; treaty,789
0840_unrelated_q110_Volunteer_Greening_Day_Plan.docx,docx,application/vnd.openxmlformats-officedocument.wordprocessingml.document,False,,Public,Volunteer Greening Day Plan,FCT-2026-16EB21,irrigation hose; tree planting; community garden; recycling bins,37747
0841_unrelated_q104_Facilities_Maintenance_Schedule.md,md,text/markdown,False,,Internal,Facilities Maintenance Schedule,FCT-2026-22468C,lighting upgrade; parking lot paint; elevator inspection; HVAC filter,2059
0842_unrelated_q107_Sports_Club_Training_Roster.mht,mht,multipart/related,False,,Public,Sports Club Training Roster,FCT-2026-54EEE8,coach notes; attendance sheet; injury recovery; football drills,2069
0843_related_q008_Diplomatic_Negotiation_Status_Memo.csv,csv,text/csv,True,8,Secret,Diplomatic Negotiation Status Memo,FCT-2026-B5CCA7,diplomatic cable; consulate; embassy; foreign ministry; diplomatic note; treaty; strategic partnership; MOU,952
0844_related_q012_Export_Continuity_Advisory.json,json,application/json,True,12,Secret,Export Continuity Advisory,FCT-2026-3F3D43,customs restriction; export restriction; sanctions; trade embargo; trade barrier; port closure; export decline; shipping disruption,2516
0845_related_q003_Emergency_Continuity_and_Engagement_Proc.txt,txt,text/plain,True,3,Top Secret,Emergency Continuity and Engagement Procedures,FCT-2026-12C3A2,war plan; rules of engagement; defense strategy; evacuation plan; continuity of government; command structure; contingency plan; military doctrine,2648
0846_unrelated_q101_Office_Cafeteria_Weekly_Menu.zip,zip,application/zip,False,,Public,Office Cafeteria Weekly Menu,FCT-2026-BAE8D2,lunch special; coffee station; vegetarian option; dessert bar,1143
0847_unrelated_q109_Weather_Outlook_for_Field_Picnic.eml,eml,message/rfc822,False,,Public,Weather Outlook for Field Picnic,FCT-2026-66D64B,UV index; light breeze; picnic blankets; sunny intervals,2238
0848_related_q008_Diplomatic_Negotiation_Status_Memo.pdf,pdf,application/pdf,True,8,Secret,Diplomatic Negotiation Status Memo,FCT-2026-00F98F,classified negotiation; diplomatic cable; foreign ministry; diplomatic note; consulate; embassy; strategic partnership; MOU,4401
0849_unrelated_q108_Procurement_Stationery_Order.pptx,pptx,application/vnd.openxmlformats-officedocument.presentationml.presentation,False,,Internal,Procurement Stationery Order,FCT-2026-D5DA1E,notebooks; whiteboard markers; toner cartridge; sticky notes,30217
0850_unrelated_q102_IT_Helpdesk_Ticket_Summary.html,html,text/html,False,,Internal,IT Helpdesk Ticket Summary,FCT-2026-B06F35,printer jam; password reset; VPN latency; laptop docking,2366
0851_related_q008_Diplomatic_Negotiation_Status_Memo.rtf,rtf,application/rtf,True,8,Secret,Diplomatic Negotiation Status Memo,FCT-2026-1AC9ED,MOU; classified negotiation; diplomatic cable; strategic partnership; bilateral agreement; consulate; foreign ministry; diplomatic note,2298
0852_unrelated_q107_Sports_Club_Training_Roster.xlsx,xlsx,application/vnd.openxmlformats-officedocument.spreadsheetml.sheet,False,,Public,Sports Club Training Roster,FCT-2026-58D72D,injury recovery; football drills; coach notes; attendance sheet,6844
0853_related_q002_Force_and_VIP_Movement_Coordination_Note.xml,xml,text/xml,True,2,Top Secret,Force and VIP Movement Coordination Note,FCT-2026-3269BD,Royal Guard; operational route; mobilization; checkpoint; military exercise; National Guard; troop movement; VIP movement,2126
0854_unrelated_q101_Office_Cafeteria_Weekly_Menu.log,log,text/log,False,,Public,Office Cafeteria Weekly Menu,FCT-2026-4F6DF3,lunch special; vegetarian option; coffee station; dessert bar,1424
0855_related_q009_Labor_Market_Stability_Brief.tsv,tsv,text/tab-separated-values,True,9,Secret,Labor Market Stability Brief,FCT-2026-BCF838,mass layoff; labor shortage; recruitment freeze; Saudization; employment crisis; unemployment; wage reduction; workforce reduction,615
0856_unrelated_q108_Procurement_Stationery_Order.svg,svg,image/svg+xml,False,,Internal,Procurement Stationery Order,FCT-2026-C67852,notebooks; toner cartridge; whiteboard markers; sticky notes,710
0857_unrelated_q102_IT_Helpdesk_Ticket_Summary.docx,docx,application/vnd.openxmlformats-officedocument.wordprocessingml.document,False,,Internal,IT Helpdesk Ticket Summary,FCT-2026-4E3DF2,VPN latency; laptop docking; printer jam; password reset,37710
0858_related_q008_Diplomatic_Negotiation_Status_Memo.md,md,text/markdown,True,8,Secret,Diplomatic Negotiation Status Memo,FCT-2026-998E4D,consulate; strategic partnership; treaty; MOU; diplomatic cable; classified negotiation; diplomatic note; embassy,2648
0859_related_q013_Government_Operations_Disruption_Report.mht,mht,multipart/related,True,13,Secret,Government Operations Disruption Report,FCT-2026-A5D9E2,emergency operations; system failure; service outage; operational disruption; government shutdown; cyber attack; business continuity; disaster recovery,2898
0860_related_q002_Force_and_VIP_Movement_Coordination_Note.csv,csv,text/csv,True,2,Top Secret,Force and VIP Movement Coordination Note,FCT-2026-E95B67,troop movement; VIP movement; patrol route; National Guard; checkpoint; convoy; operational route; military exercise,958
0861_related_q015_Vital_National_Installation_Status_Sheet.json,json,application/json,True,15,Secret,Vital National Installation Status Sheet,FCT-2026-9049CC,substation; oil refinery; command center; telecom exchange; seaport; power station; military base; government facility,2487
0862_related_q004_Cryptographic_Key_Custody_Log.txt,txt,text/plain,True,4,Top Secret,Cryptographic Key Custody Log,FCT-2026-88C476,VPN key; RSA; secret key; cryptographic key; TLS certificate; key management; AES; PKI,2464
0863_unrelated_q109_Weather_Outlook_for_Field_Picnic.zip,zip,application/zip,False,,Public,Weather Outlook for Field Picnic,FCT-2026-7356B5,UV index; picnic blankets; sunny intervals; light breeze,1147
0864_unrelated_q105_Marketing_Campaign_Retro.eml,eml,message/rfc822,False,,Internal,Marketing Campaign Retro,FCT-2026-F28204,brand awareness; click-through rate; newsletter open rate; social media post,2234
0865_unrelated_q110_Volunteer_Greening_Day_Plan.pdf,pdf,application/pdf,False,,Public,Volunteer Greening Day Plan,FCT-2026-27D88E,tree planting; recycling bins; irrigation hose; community garden,4059
0866_unrelated_q107_Sports_Club_Training_Roster.pptx,pptx,application/vnd.openxmlformats-officedocument.presentationml.presentation,False,,Public,Sports Club Training Roster,FCT-2026-98B261,football drills; attendance sheet; coach notes; injury recovery,30228
0867_unrelated_q110_Volunteer_Greening_Day_Plan.html,html,text/html,False,,Public,Volunteer Greening Day Plan,FCT-2026-655D8F,irrigation hose; community garden; recycling bins; tree planting,2389
0868_related_q013_Government_Operations_Disruption_Report.rtf,rtf,application/rtf,True,13,Secret,Government Operations Disruption Report,FCT-2026-D68058,government shutdown; emergency operations; system failure; business continuity; disaster recovery; operational disruption; cyber attack; service outage,2347
0869_unrelated_q109_Weather_Outlook_for_Field_Picnic.xlsx,xlsx,application/vnd.openxmlformats-officedocument.spreadsheetml.sheet,False,,Public,Weather Outlook for Field Picnic,FCT-2026-B6E856,sunny intervals; light breeze; picnic blankets; UV index,6846
0870_unrelated_q109_Weather_Outlook_for_Field_Picnic.xml,xml,text/xml,False,,Public,Weather Outlook for Field Picnic,FCT-2026-88B194,picnic blankets; light breeze; UV index; sunny intervals,1723
0871_related_q010_Strategic_Resource_Outlook.log,log,text/log,True,10,Secret,Strategic Resource Outlook,FCT-2026-A1A51E,OPEC; Brent; mining; petroleum exports; crude oil; oil reserve; commodity price; natural gas,1885
0872_related_q012_Export_Continuity_Advisory.tsv,tsv,text/tab-separated-values,True,12,Secret,Export Continuity Advisory,FCT-2026-04E5B8,port closure; sanctions; trade embargo; trade barrier; export decline; shipping disruption; export restriction; customs restriction,622
0873_related_q001_Restricted_Defense_Asset_Inventory_Brief.svg,svg,image/svg+xml,True,1,Top Secret,Restricted Defense Asset Inventory Brief,FCT-2026-B49CC1,UAV; artillery; missile; ballistic missile; air defense; armory; military base; explosives,765
0874_unrelated_q102_IT_Helpdesk_Ticket_Summary.docx,docx,application/vnd.openxmlformats-officedocument.wordprocessingml.document,False,,Internal,IT Helpdesk Ticket Summary,FCT-2026-06E585,laptop docking; printer jam; VPN latency; password reset,37725
0875_unrelated_q109_Weather_Outlook_for_Field_Picnic.md,md,text/markdown,False,,Public,Weather Outlook for Field Picnic,FCT-2026-110CF7,picnic blankets; UV index; sunny intervals; light breeze,2025
0876_unrelated_q105_Marketing_Campaign_Retro.mht,mht,multipart/related,False,,Internal,Marketing Campaign Retro,FCT-2026-E12DBC,click-through rate; brand awareness; social media post; newsletter open rate,2100
0877_related_q005_Critical_Infrastructure_Resilience_Bulle.csv,csv,text/csv,True,5,Top Secret,Critical Infrastructure Resilience Bulletin,FCT-2026-1EA421,critical infrastructure; gas plant; blackout; seaport; refinery; airport shutdown; ICS; water treatment,936
0878_unrelated_q103_Employee_Wellness_Newsletter.json,json,application/json,False,,Public,Employee Wellness Newsletter,FCT-2026-DE8703,ergonomic chair; hydration tips; yoga session; step challenge,1997
0879_unrelated_q104_Facilities_Maintenance_Schedule.txt,txt,text/plain,False,,Internal,Facilities Maintenance Schedule,FCT-2026-FC3A7B,HVAC filter; lighting upgrade; parking lot paint; elevator inspection,1947
0880_related_q013_Government_Operations_Disruption_Report.zip,zip,application/zip,True,13,Secret,Government Operations Disruption Report,FCT-2026-9BF365,government shutdown; cyber attack; service outage; disaster recovery; system failure; emergency operations; operational disruption; business continuity,1400
0881_unrelated_q108_Procurement_Stationery_Order.eml,eml,message/rfc822,False,,Internal,Procurement Stationery Order,FCT-2026-95F115,toner cartridge; notebooks; whiteboard markers; sticky notes,2240
0882_unrelated_q102_IT_Helpdesk_Ticket_Summary.pdf,pdf,application/pdf,False,,Internal,IT Helpdesk Ticket Summary,FCT-2026-0D504B,laptop docking; printer jam; VPN latency; password reset,4096
0883_unrelated_q110_Volunteer_Greening_Day_Plan.pptx,pptx,application/vnd.openxmlformats-officedocument.presentationml.presentation,False,,Public,Volunteer Greening Day Plan,FCT-2026-B0279F,irrigation hose; community garden; tree planting; recycling bins,30225
0884_related_q014_Strategic_Warehouse_and_Logistics_Reserv.html,html,text/html,True,14,Secret,Strategic Warehouse and Logistics Reserve Register,FCT-2026-E698EE,emergency stockpile; warehouse; supply depot; storage facility; fuel depot; inventory reserve; logistics center; strategic reserve,3127
0885_related_q011_International_Commercial_Partnership_Sum.rtf,rtf,application/rtf,True,11,Secret,International Commercial Partnership Summary,FCT-2026-47CFE8,foreign investment; joint venture; commercial agreement; strategic supplier; sovereign investment; technology transfer; strategic partnership; investment agreement,2370
0886_related_q003_Emergency_Continuity_and_Engagement_Proc.xlsx,xlsx,application/vnd.openxmlformats-officedocument.spreadsheetml.sheet,True,3,Top Secret,Emergency Continuity and Engagement Procedures,FCT-2026-902526,war plan; contingency plan; continuity of government; command structure; rules of engagement; military doctrine; emergency response; defense strategy,7215
0887_related_q008_Diplomatic_Negotiation_Status_Memo.xml,xml,text/xml,True,8,Secret,Diplomatic Negotiation Status Memo,FCT-2026-402846,embassy; diplomatic cable; diplomatic note; foreign ministry; treaty; MOU; classified negotiation; strategic partnership,2125
0888_unrelated_q110_Volunteer_Greening_Day_Plan.log,log,text/log,False,,Public,Volunteer Greening Day Plan,FCT-2026-37235F,recycling bins; irrigation hose; tree planting; community garden,1439
0889_related_q008_Diplomatic_Negotiation_Status_Memo.tsv,tsv,text/tab-separated-values,True,8,Secret,Diplomatic Negotiation Status Memo,FCT-2026-BAF3B6,consulate; foreign ministry; MOU; diplomatic note; classified negotiation; diplomatic cable; bilateral agreement; embassy,616
0890_related_q010_Strategic_Resource_Outlook.svg,svg,image/svg+xml,True,10,Secret,Strategic Resource Outlook,FCT-2026-AF73DB,natural gas; mining; crude oil; production quota; OPEC; commodity price; Brent; oil reserve,755
0891_unrelated_q109_Weather_Outlook_for_Field_Picnic.docx,docx,application/vnd.openxmlformats-officedocument.wordprocessingml.document,False,,Public,Weather Outlook for Field Picnic,FCT-2026-C7338C,light breeze; UV index; picnic blankets; sunny intervals,37721
0892_unrelated_q105_Marketing_Campaign_Retro.md,md,text/markdown,False,,Internal,Marketing Campaign Retro,FCT-2026-7341B1,newsletter open rate; social media post; brand awareness; click-through rate,2038
0893_related_q014_Strategic_Warehouse_and_Logistics_Reserv.mht,mht,multipart/related,True,14,Secret,Strategic Warehouse and Logistics Reserve Register,FCT-2026-EC4F5C,warehouse; fuel depot; storage facility; strategic reserve; inventory reserve; emergency stockpile; supply depot; logistics center,2840
0894_unrelated_q110_Volunteer_Greening_Day_Plan.csv,csv,text/csv,False,,Public,Volunteer Greening Day Plan,FCT-2026-34DDA2,tree planting; irrigation hose; recycling bins; community garden,702
0895_related_q005_Critical_Infrastructure_Resilience_Bulle.json,json,application/json,True,5,Top Secret,Critical Infrastructure Resilience Bulletin,FCT-2026-4AF4A2,critical infrastructure; water treatment; telecommunications outage; gas plant; blackout; refinery; oil production; ICS,2567
0896_unrelated_q103_Employee_Wellness_Newsletter.txt,txt,text/plain,False,,Public,Employee Wellness Newsletter,FCT-2026-BFEB8D,ergonomic chair; hydration tips; yoga session; step challenge,1924
0897_unrelated_q108_Procurement_Stationery_Order.zip,zip,application/zip,False,,Internal,Procurement Stationery Order,FCT-2026-2C1C46,whiteboard markers; sticky notes; notebooks; toner cartridge,1139
0898_related_q004_Cryptographic_Key_Custody_Log.eml,eml,message/rfc822,True,4,Top Secret,Cryptographic Key Custody Log,FCT-2026-B9A781,root certificate; ECC; certificate authority; TLS certificate; cryptographic key; secret key; AES; PKI,2852
0899_unrelated_q102_IT_Helpdesk_Ticket_Summary.pdf,pdf,application/pdf,False,,Internal,IT Helpdesk Ticket Summary,FCT-2026-D0BC69,laptop docking; VPN latency; password reset; printer jam,4104
0900_unrelated_q105_Marketing_Campaign_Retro.pptx,pptx,application/vnd.openxmlformats-officedocument.presentationml.presentation,False,,Internal,Marketing Campaign Retro,FCT-2026-DE1F4E,newsletter open rate; click-through rate; social media post; brand awareness,30236
0901_related_q012_Export_Continuity_Advisory.html,html,text/html,True,12,Secret,Export Continuity Advisory,FCT-2026-84FE43,customs restriction; sanctions; export restriction; trade embargo; port closure; export decline; shipping disruption; trade barrier,3040
0902_unrelated_q108_Procurement_Stationery_Order.rtf,rtf,application/rtf,False,,Internal,Procurement Stationery Order,FCT-2026-C08C24,toner cartridge; whiteboard markers; sticky notes; notebooks,1620
0903_related_q001_Restricted_Defense_Asset_Inventory_Brief.xlsx,xlsx,application/vnd.openxmlformats-officedocument.spreadsheetml.sheet,True,1,Top Secret,Restricted Defense Asset Inventory Brief,FCT-2026-231FEC,artillery; drone; fighter aircraft; arsenal; military base; armory; Royal Saudi Air Force; UAV,7171
0904_related_q009_Labor_Market_Stability_Brief.xml,xml,text/xml,True,9,Secret,Labor Market Stability Brief,FCT-2026-FBC8DE,labor shortage; Nitaqat; recruitment freeze; mass layoff; unemployment; Saudization; employment crisis; wage reduction,2090
0905_related_q006_National_Reputation_Risk_Watchlist.log,log,text/log,True,6,Top Secret,National Reputation Risk Watchlist,FCT-2026-286BFD,international criticism; sanctions; diplomatic crisis; corruption; bribery; human rights violation; censorship; money laundering,1967
0906_unrelated_q108_Procurement_Stationery_Order.tsv,tsv,text/tab-separated-values,False,,Internal,Procurement Stationery Order,FCT-2026-1CB7F3,whiteboard markers; sticky notes; toner cartridge; notebooks,531
0907_unrelated_q103_Employee_Wellness_Newsletter.svg,svg,image/svg+xml,False,,Public,Employee Wellness Newsletter,FCT-2026-D2E921,step challenge; hydration tips; ergonomic chair; yoga session,709
0908_unrelated_q103_Employee_Wellness_Newsletter.docx,docx,application/vnd.openxmlformats-officedocument.wordprocessingml.document,False,,Public,Employee Wellness Newsletter,FCT-2026-47D6B9,yoga session; hydration tips; step challenge; ergonomic chair,37724
0909_related_q011_International_Commercial_Partnership_Sum.md,md,text/markdown,True,11,Secret,International Commercial Partnership Summary,FCT-2026-167D3F,sovereign investment; strategic supplier; commercial agreement; foreign investment; joint venture; technology transfer; investment agreement; strategic partnership,2810
0910_related_q011_International_Commercial_Partnership_Sum.mht,mht,multipart/related,True,11,Secret,International Commercial Partnership Summary,FCT-2026-8E419A,investment agreement; commercial agreement; foreign investment; technology transfer; strategic supplier; joint venture; sovereign investment; strategic partnership,2966
0911_unrelated_q109_Weather_Outlook_for_Field_Picnic.csv,csv,text/csv,False,,Public,Weather Outlook for Field Picnic,FCT-2026-B851DA,UV index; picnic blankets; sunny intervals; light breeze,707
0912_unrelated_q101_Office_Cafeteria_Weekly_Menu.json,json,application/json,False,,Public,Office Cafeteria Weekly Menu,FCT-2026-FECA35,dessert bar; vegetarian option; coffee station; lunch special,2026
0913_unrelated_q107_Sports_Club_Training_Roster.txt,txt,text/plain,False,,Public,Sports Club Training Roster,FCT-2026-287121,attendance sheet; injury recovery; coach notes; football drills,1924
0914_related_q005_Critical_Infrastructure_Resilience_Bulle.zip,zip,application/zip,True,5,Top Secret,Critical Infrastructure Resilience Bulletin,FCT-2026-5C8221,oil production; refinery; seaport; gas plant; telecommunications outage; blackout; pipeline; water treatment,1377
0915_related_q001_Restricted_Defense_Asset_Inventory_Brief.eml,eml,message/rfc822,True,1,Top Secret,Restricted Defense Asset Inventory Brief,FCT-2026-FF8840,explosives; drone; weapons cache; Royal Saudi Air Force; armory; Ministry of Defense; air defense; missile,2849
0916_unrelated_q108_Procurement_Stationery_Order.pdf,pdf,application/pdf,False,,Internal,Procurement Stationery Order,FCT-2026-50BAB9,whiteboard markers; toner cartridge; sticky notes; notebooks,4077
0917_related_q005_Critical_Infrastructure_Resilience_Bulle.pptx,pptx,application/vnd.openxmlformats-officedocument.presentationml.presentation,True,5,Top Secret,Critical Infrastructure Resilience Bulletin,FCT-2026-45478C,power grid; refinery; critical infrastructure; airport shutdown; SCADA; ICS; water treatment; blackout,30359
0918_related_q014_Strategic_Warehouse_and_Logistics_Reserv.html,html,text/html,True,14,Secret,Strategic Warehouse and Logistics Reserve Register,FCT-2026-0D5EEB,storage facility; logistics center; emergency stockpile; inventory reserve; strategic reserve; fuel depot; warehouse; supply depot,3156
0919_related_q008_Diplomatic_Negotiation_Status_Memo.rtf,rtf,application/rtf,True,8,Secret,Diplomatic Negotiation Status Memo,FCT-2026-312BAA,MOU; embassy; foreign ministry; treaty; diplomatic cable; strategic partnership; consulate; diplomatic note,2184
0920_related_q001_Restricted_Defense_Asset_Inventory_Brief.xlsx,xlsx,application/vnd.openxmlformats-officedocument.spreadsheetml.sheet,True,1,Top Secret,Restricted Defense Asset Inventory Brief,FCT-2026-30D1CC,missile; weapons cache; UAV; Ministry of Defense; drone; Royal Saudi Air Force; fighter aircraft; tank,7190
0921_unrelated_q104_Facilities_Maintenance_Schedule.xml,xml,text/xml,False,,Internal,Facilities Maintenance Schedule,FCT-2026-CD025B,elevator inspection; parking lot paint; lighting upgrade; HVAC filter,1727
0922_related_q005_Critical_Infrastructure_Resilience_Bulle.log,log,text/log,True,5,Top Secret,Critical Infrastructure Resilience Bulletin,FCT-2026-A060AD,seaport; blackout; power grid; airport shutdown; water treatment; telecommunications outage; oil production; critical infrastructure,1965
0923_unrelated_q108_Procurement_Stationery_Order.tsv,tsv,text/tab-separated-values,False,,Internal,Procurement Stationery Order,FCT-2026-2E277C,notebooks; whiteboard markers; toner cartridge; sticky notes,523
0924_unrelated_q101_Office_Cafeteria_Weekly_Menu.svg,svg,image/svg+xml,False,,Public,Office Cafeteria Weekly Menu,FCT-2026-36279D,vegetarian option; coffee station; dessert bar; lunch special,714
0925_related_q010_Strategic_Resource_Outlook.docx,docx,application/vnd.openxmlformats-officedocument.wordprocessingml.document,True,10,Secret,Strategic Resource Outlook,FCT-2026-0A62B6,oil reserve; Brent; petroleum exports; resource depletion; production quota; natural gas; commodity price; mining,37931
0926_related_q013_Government_Operations_Disruption_Report.md,md,text/markdown,True,13,Secret,Government Operations Disruption Report,FCT-2026-2CC387,system failure; service outage; operational disruption; government shutdown; disaster recovery; emergency operations; business continuity; cyber attack,2767
0927_related_q008_Diplomatic_Negotiation_Status_Memo.mht,mht,multipart/related,True,8,Secret,Diplomatic Negotiation Status Memo,FCT-2026-8E34DF,bilateral agreement; consulate; diplomatic cable; diplomatic note; treaty; strategic partnership; MOU; foreign ministry,2756
0928_related_q009_Labor_Market_Stability_Brief.csv,csv,text/csv,True,9,Secret,Labor Market Stability Brief,FCT-2026-8C121E,Saudization; recruitment freeze; labor shortage; unemployment; wage reduction; employment crisis; Nitaqat; mass layoff,935
0929_related_q008_Diplomatic_Negotiation_Status_Memo.json,json,application/json,True,8,Secret,Diplomatic Negotiation Status Memo,FCT-2026-7AA422,foreign ministry; strategic partnership; classified negotiation; consulate; diplomatic cable; MOU; treaty; embassy,2552
0930_unrelated_q107_Sports_Club_Training_Roster.txt,txt,text/plain,False,,Public,Sports Club Training Roster,FCT-2026-560607,football drills; attendance sheet; coach notes; injury recovery,1945
0931_unrelated_q107_Sports_Club_Training_Roster.zip,zip,application/zip,False,,Public,Sports Club Training Roster,FCT-2026-D8DC8D,football drills; coach notes; injury recovery; attendance sheet,1148
0932_unrelated_q105_Marketing_Campaign_Retro.eml,eml,message/rfc822,False,,Internal,Marketing Campaign Retro,FCT-2026-23DCF8,click-through rate; brand awareness; newsletter open rate; social media post,2238
0933_related_q015_Vital_National_Installation_Status_Sheet.pdf,pdf,application/pdf,True,15,Secret,Vital National Installation Status Sheet,FCT-2026-C9F6B4,government facility; power station; command center; oil refinery; seaport; substation; desalination plant; airport,4391
0934_unrelated_q107_Sports_Club_Training_Roster.pptx,pptx,application/vnd.openxmlformats-officedocument.presentationml.presentation,False,,Public,Sports Club Training Roster,FCT-2026-773271,football drills; coach notes; attendance sheet; injury recovery,30224
0935_unrelated_q107_Sports_Club_Training_Roster.html,html,text/html,False,,Public,Sports Club Training Roster,FCT-2026-722448,football drills; coach notes; injury recovery; attendance sheet,2377
0936_unrelated_q106_Library_Acquisition_List.rtf,rtf,application/rtf,False,,Public,Library Acquisition List,FCT-2026-F0A194,reading club; interlibrary loan; fiction collection; cataloguing,1629
0937_related_q013_Government_Operations_Disruption_Report.xlsx,xlsx,application/vnd.openxmlformats-officedocument.spreadsheetml.sheet,True,13,Secret,Government Operations Disruption Report,FCT-2026-34341A,business continuity; cyber attack; emergency operations; system failure; operational disruption; government shutdown; disaster recovery; service outage,7171
0938_related_q002_Force_and_VIP_Movement_Coordination_Note.xml,xml,text/xml,True,2,Top Secret,Force and VIP Movement Coordination Note,FCT-2026-A40937,deployment; mobilization; convoy; checkpoint; VIP movement; escort; troop movement; Royal Guard,2088
0939_related_q009_Labor_Market_Stability_Brief.log,log,text/log,True,9,Secret,Labor Market Stability Brief,FCT-2026-573863,mass layoff; labor shortage; Saudization; employment crisis; Nitaqat; unemployment; recruitment freeze; wage reduction,1930
0940_unrelated_q109_Weather_Outlook_for_Field_Picnic.tsv,tsv,text/tab-separated-values,False,,Public,Weather Outlook for Field Picnic,FCT-2026-37E674,picnic blankets; UV index; light breeze; sunny intervals,499
0941_related_q001_Restricted_Defense_Asset_Inventory_Brief.svg,svg,image/svg+xml,True,1,Top Secret,Restricted Defense Asset Inventory Brief,FCT-2026-4942BA,ammunition depot; Ministry of Defense; Royal Saudi Air Force; artillery; military base; UAV; ballistic missile; weapons cache,793
0942_related_q003_Emergency_Continuity_and_Engagement_Proc.docx,docx,application/vnd.openxmlformats-officedocument.wordprocessingml.document,True,3,Top Secret,Emergency Continuity and Engagement Procedures,FCT-2026-0CAE39,defense strategy; rules of engagement; emergency response; mobilization plan; evacuation plan; contingency plan; military doctrine; battle plan,37956
0943_related_q014_Strategic_Warehouse_and_Logistics_Reserv.md,md,text/markdown,True,14,Secret,Strategic Warehouse and Logistics Reserve Register,FCT-2026-DB95FF,emergency stockpile; strategic reserve; warehouse; logistics center; supply depot; fuel depot; storage facility; inventory reserve,2732
0944_related_q014_Strategic_Warehouse_and_Logistics_Reserv.mht,mht,multipart/related,True,14,Secret,Strategic Warehouse and Logistics Reserve Register,FCT-2026-D27B1B,warehouse; supply depot; logistics center; inventory reserve; storage facility; emergency stockpile; strategic reserve; fuel depot,2840
0945_unrelated_q101_Office_Cafeteria_Weekly_Menu.csv,csv,text/csv,False,,Public,Office Cafeteria Weekly Menu,FCT-2026-6D31DA,vegetarian option; dessert bar; coffee station; lunch special,703
0946_related_q008_Diplomatic_Negotiation_Status_Memo.json,json,application/json,True,8,Secret,Diplomatic Negotiation Status Memo,FCT-2026-914805,classified negotiation; foreign ministry; treaty; diplomatic note; MOU; bilateral agreement; consulate; strategic partnership,2527
0947_related_q003_Emergency_Continuity_and_Engagement_Proc.txt,txt,text/plain,True,3,Top Secret,Emergency Continuity and Engagement Procedures,FCT-2026-5C2B35,defense strategy; mobilization plan; contingency plan; command structure; emergency response; military doctrine; rules of engagement; war plan,2644
0948_related_q013_Government_Operations_Disruption_Report.zip,zip,application/zip,True,13,Secret,Government Operations Disruption Report,FCT-2026-3E740F,cyber attack; government shutdown; system failure; emergency operations; operational disruption; service outage; disaster recovery; business continuity,1399
0949_unrelated_q102_IT_Helpdesk_Ticket_Summary.eml,eml,message/rfc822,False,,Internal,IT Helpdesk Ticket Summary,FCT-2026-F5B1F4,VPN latency; password reset; printer jam; laptop docking,2210
0950_related_q008_Diplomatic_Negotiation_Status_Memo.pdf,pdf,application/pdf,True,8,Secret,Diplomatic Negotiation Status Memo,FCT-2026-FEBD85,strategic partnership; classified negotiation; diplomatic note; embassy; consulate; treaty; diplomatic cable; bilateral agreement,4409
0951_unrelated_q110_Volunteer_Greening_Day_Plan.pptx,pptx,application/vnd.openxmlformats-officedocument.presentationml.presentation,False,,Public,Volunteer Greening Day Plan,FCT-2026-9BDC85,recycling bins; irrigation hose; tree planting; community garden,30229
0952_unrelated_q108_Procurement_Stationery_Order.html,html,text/html,False,,Internal,Procurement Stationery Order,FCT-2026-E0F4D8,sticky notes; whiteboard markers; notebooks; toner cartridge,2374
0953_related_q006_National_Reputation_Risk_Watchlist.rtf,rtf,application/rtf,True,6,Top Secret,National Reputation Risk Watchlist,FCT-2026-D204B4,money laundering; media exposure; sanctions; human rights violation; international criticism; scandal; corruption; bribery,2255
0954_related_q015_Vital_National_Installation_Status_Sheet.xlsx,xlsx,application/vnd.openxmlformats-officedocument.spreadsheetml.sheet,True,15,Secret,Vital National Installation Status Sheet,FCT-2026-C94B9E,government facility; airport; seaport; substation; military base; telecom exchange; desalination plant; command center,7174
0955_related_q006_National_Reputation_Risk_Watchlist.xml,xml,text/xml,True,6,Top Secret,National Reputation Risk Watchlist,FCT-2026-3C7445,diplomatic crisis; bribery; human rights violation; scandal; sanctions; corruption; money laundering; censorship,2104
0956_unrelated_q108_Procurement_Stationery_Order.log,log,text/log,False,,Internal,Procurement Stationery Order,FCT-2026-AB7B53,sticky notes; toner cartridge; notebooks; whiteboard markers,1444
0957_related_q003_Emergency_Continuity_and_Engagement_Proc.tsv,tsv,text/tab-separated-values,True,3,Top Secret,Emergency Continuity and Engagement Procedures,FCT-2026-562F1B,mobilization plan; continuity of government; battle plan; evacuation plan; military doctrine; command structure; rules of engagement; defense strategy,668
0958_related_q006_National_Reputation_Risk_Watchlist.svg,svg,image/svg+xml,True,6,Top Secret,National Reputation Risk Watchlist,FCT-2026-DAA78C,censorship; corruption; sanctions; diplomatic crisis; media exposure; money laundering; bribery; human rights violation,782
0959_unrelated_q105_Marketing_Campaign_Retro.docx,docx,application/vnd.openxmlformats-officedocument.wordprocessingml.document,False,,Internal,Marketing Campaign Retro,FCT-2026-769AF9,social media post; brand awareness; click-through rate; newsletter open rate,37744
0960_unrelated_q105_Marketing_Campaign_Retro.md,md,text/markdown,False,,Internal,Marketing Campaign Retro,FCT-2026-E90941,newsletter open rate; click-through rate; brand awareness; social media post,2052
0961_related_q014_Strategic_Warehouse_and_Logistics_Reserv.mht,mht,multipart/related,True,14,Secret,Strategic Warehouse and Logistics Reserve Register,FCT-2026-4C1D3E,logistics center; strategic reserve; emergency stockpile; warehouse; storage facility; supply depot; inventory reserve; fuel depot,2861
0962_unrelated_q106_Library_Acquisition_List.csv,csv,text/csv,False,,Public,Library Acquisition List,FCT-2026-0B7B1B,fiction collection; interlibrary loan; cataloguing; reading club,722
0963_related_q004_Cryptographic_Key_Custody_Log.json,json,application/json,True,4,Top Secret,Cryptographic Key Custody Log,FCT-2026-AB159F,PKI; private key; root certificate; key management; RSA; certificate authority; AES; secret key,2445
0964_related_q014_Strategic_Warehouse_and_Logistics_Reserv.txt,txt,text/plain,True,14,Secret,Strategic Warehouse and Logistics Reserve Register,FCT-2026-6193F0,logistics center; warehouse; storage facility; emergency stockpile; strategic reserve; fuel depot; inventory reserve; supply depot,2614
0965_unrelated_q102_IT_Helpdesk_Ticket_Summary.zip,zip,application/zip,False,,Internal,IT Helpdesk Ticket Summary,FCT-2026-C9F356,laptop docking; password reset; printer jam; VPN latency,1144
0966_related_q009_Labor_Market_Stability_Brief.eml,eml,message/rfc822,True,9,Secret,Labor Market Stability Brief,FCT-2026-079FBD,labor shortage; recruitment freeze; Nitaqat; employment crisis; unemployment; workforce reduction; wage reduction; Saudization,2877
0967_related_q008_Diplomatic_Negotiation_Status_Memo.pdf,pdf,application/pdf,True,8,Secret,Diplomatic Negotiation Status Memo,FCT-2026-F19F88,diplomatic cable; bilateral agreement; foreign ministry; diplomatic note; MOU; treaty; embassy; strategic partnership,4411
0968_related_q012_Export_Continuity_Advisory.pptx,pptx,application/vnd.openxmlformats-officedocument.presentationml.presentation,True,12,Secret,Export Continuity Advisory,FCT-2026-F63EFD,sanctions; export restriction; trade barrier; shipping disruption; export decline; trade embargo; customs restriction; port closure,30333
0969_unrelated_q109_Weather_Outlook_for_Field_Picnic.html,html,text/html,False,,Public,Weather Outlook for Field Picnic,FCT-2026-3D3AD3,light breeze; sunny intervals; UV index; picnic blankets,2407
0970_related_q003_Emergency_Continuity_and_Engagement_Proc.rtf,rtf,application/rtf,True,3,Top Secret,Emergency Continuity and Engagement Procedures,FCT-2026-723006,rules of engagement; mobilization plan; emergency response; war plan; command structure; defense strategy; military doctrine; battle plan,2310
0971_unrelated_q110_Volunteer_Greening_Day_Plan.xlsx,xlsx,application/vnd.openxmlformats-officedocument.spreadsheetml.sheet,False,,Public,Volunteer Greening Day Plan,FCT-2026-EB27AC,tree planting; irrigation hose; community garden; recycling bins,6847
0972_related_q002_Force_and_VIP_Movement_Coordination_Note.xml,xml,text/xml,True,2,Top Secret,Force and VIP Movement Coordination Note,FCT-2026-BBB2CB,VIP movement; deployment; convoy; checkpoint; motorcade; mobilization; military exercise; patrol route,2077
0973_related_q003_Emergency_Continuity_and_Engagement_Proc.log,log,text/log,True,3,Top Secret,Emergency Continuity and Engagement Procedures,FCT-2026-CF614A,war plan; battle plan; command structure; emergency response; evacuation plan; mobilization plan; rules of engagement; military doctrine,1974
0974_related_q005_Critical_Infrastructure_Resilience_Bulle.tsv,tsv,text/tab-separated-values,True,5,Top Secret,Critical Infrastructure Resilience Bulletin,FCT-2026-D3A6DE,SCADA; blackout; gas plant; water treatment; telecommunications outage; refinery; seaport; pipeline,614
0975_related_q008_Diplomatic_Negotiation_Status_Memo.svg,svg,image/svg+xml,True,8,Secret,Diplomatic Negotiation Status Memo,FCT-2026-D8730B,treaty; bilateral agreement; embassy; classified negotiation; diplomatic note; diplomatic cable; foreign ministry; strategic partnership,787
0976_unrelated_q101_Office_Cafeteria_Weekly_Menu.docx,docx,application/vnd.openxmlformats-officedocument.wordprocessingml.document,False,,Public,Office Cafeteria Weekly Menu,FCT-2026-AD7B98,dessert bar; coffee station; lunch special; vegetarian option,37710
0977_related_q008_Diplomatic_Negotiation_Status_Memo.md,md,text/markdown,True,8,Secret,Diplomatic Negotiation Status Memo,FCT-2026-4AFA2B,bilateral agreement; diplomatic note; classified negotiation; embassy; foreign ministry; diplomatic cable; consulate; strategic partnership,2742
0978_related_q007_Counter-Terrorism_Threat_Digest.mht,mht,multipart/related,True,7,Top Secret,Counter-Terrorism Threat Digest,FCT-2026-5743E9,terrorism; VBIED; hostage; extremist; Daesh; violent extremism; suicide attack; bomb,2603
0979_unrelated_q103_Employee_Wellness_Newsletter.csv,csv,text/csv,False,,Public,Employee Wellness Newsletter,FCT-2026-7BEEE7,hydration tips; ergonomic chair; step challenge; yoga session,710
0980_related_q015_Vital_National_Installation_Status_Sheet.json,json,application/json,True,15,Secret,Vital National Installation Status Sheet,FCT-2026-16F40B,airport; military base; power station; seaport; government facility; command center; substation; telecom exchange,2485
0981_unrelated_q103_Employee_Wellness_Newsletter.txt,txt,text/plain,False,,Public,Employee Wellness Newsletter,FCT-2026-151957,step challenge; hydration tips; ergonomic chair; yoga session,1930
0982_unrelated_q107_Sports_Club_Training_Roster.zip,zip,application/zip,False,,Public,Sports Club Training Roster,FCT-2026-41424F,injury recovery; coach notes; attendance sheet; football drills,1148
0983_unrelated_q106_Library_Acquisition_List.eml,eml,message/rfc822,False,,Public,Library Acquisition List,FCT-2026-2C7FF5,reading club; cataloguing; fiction collection; interlibrary loan,2206
0984_unrelated_q106_Library_Acquisition_List.pdf,pdf,application/pdf,False,,Public,Library Acquisition List,FCT-2026-5179DC,interlibrary loan; reading club; fiction collection; cataloguing,4121
0985_related_q010_Strategic_Resource_Outlook.pptx,pptx,application/vnd.openxmlformats-officedocument.presentationml.presentation,True,10,Secret,Strategic Resource Outlook,FCT-2026-A4CDDB,natural gas; production quota; commodity price; petroleum exports; OPEC; crude oil; oil reserve; Brent,30352
0986_related_q014_Strategic_Warehouse_and_Logistics_Reserv.html,html,text/html,True,14,Secret,Strategic Warehouse and Logistics Reserve Register,FCT-2026-BF584A,inventory reserve; emergency stockpile; strategic reserve; storage facility; supply depot; warehouse; fuel depot; logistics center,3161
0987_related_q014_Strategic_Warehouse_and_Logistics_Reserv.rtf,rtf,application/rtf,True,14,Secret,Strategic Warehouse and Logistics Reserve Register,FCT-2026-B25D91,warehouse; strategic reserve; emergency stockpile; inventory reserve; storage facility; logistics center; supply depot; fuel depot,2296
0988_unrelated_q107_Sports_Club_Training_Roster.xlsx,xlsx,application/vnd.openxmlformats-officedocument.spreadsheetml.sheet,False,,Public,Sports Club Training Roster,FCT-2026-0216E9,injury recovery; football drills; attendance sheet; coach notes,6845
0989_related_q012_Export_Continuity_Advisory.xml,xml,text/xml,True,12,Secret,Export Continuity Advisory,FCT-2026-35647B,shipping disruption; port closure; export restriction; export decline; sanctions; trade embargo; trade barrier; customs restriction,2117
0990_related_q001_Restricted_Defense_Asset_Inventory_Brief.log,log,text/log,True,1,Top Secret,Restricted Defense Asset Inventory Brief,FCT-2026-3D687A,tank; explosives; Royal Saudi Air Force; air defense; missile; drone; Ministry of Defense; military base,1941
0991_related_q006_National_Reputation_Risk_Watchlist.tsv,tsv,text/tab-separated-values,True,6,Top Secret,National Reputation Risk Watchlist,FCT-2026-A10C63,international criticism; human rights violation; corruption; media exposure; money laundering; censorship; diplomatic crisis; sanctions,628
0992_related_q009_Labor_Market_Stability_Brief.svg,svg,image/svg+xml,True,9,Secret,Labor Market Stability Brief,FCT-2026-D5FC76,mass layoff; workforce reduction; labor shortage; Saudization; unemployment; recruitment freeze; Nitaqat; employment crisis,781
0993_unrelated_q107_Sports_Club_Training_Roster.docx,docx,application/vnd.openxmlformats-officedocument.wordprocessingml.document,False,,Public,Sports Club Training Roster,FCT-2026-F20301,attendance sheet; football drills; injury recovery; coach notes,37737
0994_unrelated_q104_Facilities_Maintenance_Schedule.md,md,text/markdown,False,,Internal,Facilities Maintenance Schedule,FCT-2026-8C41B5,lighting upgrade; HVAC filter; parking lot paint; elevator inspection,2044
0995_unrelated_q105_Marketing_Campaign_Retro.mht,mht,multipart/related,False,,Internal,Marketing Campaign Retro,FCT-2026-2D30C9,social media post; newsletter open rate; brand awareness; click-through rate,2105
0996_unrelated_q109_Weather_Outlook_for_Field_Picnic.csv,csv,text/csv,False,,Public,Weather Outlook for Field Picnic,FCT-2026-749209,picnic blankets; UV index; sunny intervals; light breeze,722
0997_unrelated_q110_Volunteer_Greening_Day_Plan.json,json,application/json,False,,Public,Volunteer Greening Day Plan,FCT-2026-379527,tree planting; recycling bins; community garden; irrigation hose,2006
0998_related_q011_International_Commercial_Partnership_Sum.txt,txt,text/plain,True,11,Secret,International Commercial Partnership Summary,FCT-2026-6645E6,foreign investment; sovereign investment; investment agreement; strategic supplier; commercial agreement; joint venture; strategic partnership; technology transfer,2709
0999_unrelated_q101_Office_Cafeteria_Weekly_Menu.zip,zip,application/zip,False,,Public,Office Cafeteria Weekly Menu,FCT-2026-865B38,lunch special; coffee station; dessert bar; vegetarian option,1143
1000_unrelated_q106_Library_Acquisition_List.eml,eml,message/rfc822,False,,Public,Library Acquisition List,FCT-2026-A69023,interlibrary loan; fiction collection; reading club; cataloguing,2239
